customer_tweet_id,hard_case_category,tweet_text,true_intent,true_escalation_decision,predicted_intent,predicted_confidence,drafted_reply,escalation_decision,escalation_reason,validate_draft_flags,notes
1022533,,it would be so awesome if you had a way of making a playlist so i could just queue up my kids fave shows.,,,general_complaint_other,0.9,"""Thank you for your suggestion. I will pass it along to our team for consideration.""",escalate,retrieval_top1_similarity 0.57 < 0.74,[],
816127,,we need arjunreddy movie in hindi man and #amazonprimevideo is not doing well on getting new movie's.,,,digital_service_device_support,0.9,"Hi there, we're sorry to hear about your experience with #amazonprimevideo. We're continuously working to improve our content selection and we'll definitely take your feedback into account. Stay tuned for more updates!",escalate,retrieval_top1_similarity 0.70 < 0.74,[],
1273380,,Received Oneplus 5 midnight black with white dot on top. Kindly look into this. Already mailed t details to cs-reply. <URL>,,,positive_feedback,0.9,"""Hi there! We're thrilled to hear about your new OnePlus 5 midnight black. We hope it meets your expectations and brings you joy. If you have any questions or need further assistance, feel free to reach out. Happy using! 😊📱🎉""",escalate,retrieval_top1_similarity 0.71 < 0.74,[],
361390,,can't u have #Vikings series? even not available on :( :(,,,general_complaint_other,0.9,"""We're sorry to hear that you're having trouble accessing the Vikings series. Please keep us updated if you're not able to find it.""",auto,confidence 0.90 >= 0.9 and similarity 0.79 >= 0.74,[],
1423476,,had requested a return on 26th October no pick up has been arranged yet .had convo wth you team two backs that didn't help either,,,refund_return_dispute,0.9,"Hi there, I apologize for the inconvenience. I'll look into the matter and ensure a resolution is reached promptly.",escalate,"high-risk intent 'refund_return_dispute': requires human for account/money/trust action, regardless of confidence",[],
651498,,account of __email__ school bag ka return start kiya lekin pick up nahin hua,,,delivery_shipping_issue,0.95,"""I apologize for the inconvenience. Could you please provide the order number and the return address for the school bag? I'll ensure that the pick-up is arranged promptly.""",escalate,retrieval_top1_similarity 0.59 < 0.74,[],
2314261,,Just had the worst customer service experience with . dealt with 5 customer service representatives over the course of an hour and still my issue was not satisfactorily resolved. The new system sucks.,,,general_complaint_other,0.9,"""I'm sorry to hear about your experience. We aim to provide the best service possible. Could you share more details so we can assist you better?""",auto,confidence 0.90 >= 0.9 and similarity 0.75 >= 0.74,[],
330903,,"I'm having problem with my app! Keeps telling me password wrong, & I change then same again - help please!",,,account_access,0.95,"""Hi there! I'm sorry to hear you're having trouble logging in. Have you tried resetting your password again or checking if there's a typo? If the issue persists, please reach out to our customer service for further assistance.""",escalate,"high-risk intent 'account_access': requires human for account/money/trust action, regardless of confidence",[],
869858,,It's been 5 days. I haven't got my cash back. I purchased prime membership & added money to wallet on same day.,,,billing_subscription_dispute,0.95,"""We apologize for the inconvenience. Please check your wallet balance and ensure the transaction was completed successfully. If there's an issue, our customer service team will assist you promptly.""",escalate,"high-risk intent 'billing_subscription_dispute': requires human for account/money/trust action, regardless of confidence",[],
2845498,,ARGH what am a paying for prime for. Two faulty items and two missing deliveries all in one day,,,delivery_shipping_issue,0.95,"Hi there, I'm really sorry to hear about the issues you're experiencing. Could you please provide more details about the faulty items and the missing deliveries?",auto,confidence 0.95 >= 0.9 and similarity 0.81 >= 0.74,[],
2142461,,earns enough money for a sufficient period of time. Isn’t that what a bank is supposed to do?,,,general_complaint_other,0.9,"""We understand your concerns about banking fees. Could you share more details about the fees you're experiencing so we can assist you better?""",escalate,retrieval_top1_similarity 0.59 < 0.74,[],
2691739,,really love Amazons support team. Fixed a registration and wifi issue with my paper white in seconds.,,,positive_feedback,0.9,"""We're thrilled to hear you had a positive experience with our support team, Alex! It's always rewarding to know our efforts are making a difference for our customers.""",escalate,"generated reply failed automated safety validation: [""name used in draft: 'Alex' (names are banned by policy)""]","[""name used in draft: 'Alex' (names are banned by policy)""]",
303518,,"Received an email change message from thinking it was a scam, but somebody has actually changed my details 😕assistance!?",,,general_complaint_other,0.9,We've flagged this for immediate review by our security team.,escalate,security/fraud keyword match,[],
2394509,,add Thor Ragnarok to Amazon Prime video,,,positive_feedback,0.9,"""We're always working to expand our content library. Please keep an eye on our site and social media for new additions.""",escalate,retrieval_top1_similarity 0.67 < 0.74,[],
439142,,"Hi are your email servers down? No order confirmation email and no verification code emails (requested 3 times), I checked junk.",,,digital_service_device_support,0.9,"""We're sorry to hear about the email issue. Have you tried checking your spam/junk folder? If you've already checked, please try resetting your password and requesting verification again. If the problem persists, please let us know so we can assist further.""",escalate,retrieval_top1_similarity 0.71 < 0.74,[],
1479477,,order#<PHONE> Return completed on kast Saturday till now no refund #poort service #amazonIndia #customersatisfcation,,,refund_return_dispute,0.9,"""We apologize for the inconvenience. Please don't share your order details here. Our Twitter page is visible to the public. We're here to help!""",escalate,"high-risk intent 'refund_return_dispute': requires human for account/money/trust action, regardless of confidence",[],
147350,,"-very poor customer service, promised refund 2 weeks ago for a scam on my account and no joy",,,billing_subscription_dispute,0.95,We've flagged this for immediate review by our security team.,escalate,security/fraud keyword match,[],
575428,,"The brand new book I ordered from #Amazon ..even the sticker that says 'new' is torn and at the top of it, I paid extra for the next day delivery!!! still waiting for the replacement! <URL>",,,delivery_shipping_issue,0.9,"""We're truly sorry to hear about the condition of your new book. We understand how disappointing this must be. Our team will immediately look into this matter and ensure a replacement is sent out promptly. We appreciate your patience and understanding.""",auto,confidence 0.90 >= 0.9 and similarity 0.76 >= 0.74,[],
2126222,,Oh I'm so disappointed. 10x I asked CS to call me. Crickets. Found a number for Kindle CS and called that. They transferred me.,,,account_access,0.9,"""I'm sorry to hear about the trouble you've faced. We're here to help! Could you please share more details about your Kindle CS experience?""",escalate,"high-risk intent 'account_access': requires human for account/money/trust action, regardless of confidence",[],
2499204,,Dear how am I supposed to contact you if I don’t remember my account password? I try to reset it & it says you can’t find my account!?,,,account_access,0.95,"""We understand how frustrating this must be. Let's get this sorted out. Have you tried using the 'Forgot your password' option to reset it?""",escalate,"high-risk intent 'account_access': requires human for account/money/trust action, regardless of confidence",[],
2558527,,so sorry but your new packaging is not working. Books upon books arriving battered at the seams... <URL>,,,delivery_shipping_issue,0.95,"""We're truly sorry to hear about this issue. Could you please let us know where you made the purchase? We're here to help resolve this for you!""",auto,confidence 0.95 >= 0.9 and similarity 0.75 >= 0.74,[],
318279,,"If so, I have friends who want to help + I want to set up Amazon Lists. How do I duplicate the same list for several families?",,,general_complaint_other,0.9,"""Hi there! To duplicate an Amazon List for multiple families, you can simply create a new list and add the same items to it. This way, each family can have their own version of the list. If you need more detailed instructions, I'm here to help!""",escalate,retrieval_top1_similarity 0.65 < 0.74,[],
1546352,,"Refund not processed,refund request placed before 3 months.i need to talk wiith amazon executive but my mobile number blocked.",,,refund_return_dispute,0.9,"""Please don't provide your order details or personal contact information. Our Twitter page is visible to the public. We understand your concern and will escalate this matter to our executive team for review. (1/2)""",escalate,"high-risk intent 'refund_return_dispute': requires human for account/money/trust action, regardless of confidence",['near-verbatim: 85% token overlap with top-1 retrieved reply'],
784737,,"Dear : Is it Waterproof, or is it Water resistant? Those 2 words aren’t the same.",,,digital_service_device_support,0.9,"""I understand your concern! Waterproof items are designed to be completely impervious to water, while water-resistant items can withstand some exposure to water but not full submersion. I hope this clears things up for you!""",escalate,retrieval_top1_similarity 0.62 < 0.74,[],
2769804,,"app doesn't ask me for touch ID anymore, hence working <URL>",,,digital_service_device_support,0.9,"""We're sorry to hear about this issue. Have you tried resetting your device's settings?""",escalate,retrieval_top1_similarity 0.70 < 0.74,[],
2697190,,"Epic fail... Hint if something is ordered gift-wrapped, they probably don't want you to write what the contents are on the gift card. Due to the, you know, surprise thing? #duh <URL>",,,general_complaint_other,0.9,"""Hi there, I'm sorry to hear about this issue. Could you please confirm if the gift card was purchased directly from Amazon or from our Marketplace sellers?""",escalate,retrieval_top1_similarity 0.66 < 0.74,[],
582617,,Why has my unlimited music subscription been suddenly cancelled? I was on 3mnths for 99p and now I can't rejoin that offer!! 😠 My payment method is fine also as I have bought from you recently using the same method!,,,billing_subscription_dispute,0.95,"Hi there, we're sorry to hear about the issue with your unlimited music subscription. Without sharing personal details, could you provide more information about the subscription and the recent purchase? This will help us assist you better.",escalate,"high-risk intent 'billing_subscription_dispute': requires human for account/money/trust action, regardless of confidence",[],
1274987,,when will I receive my Gary Barlow priority code and when is the presale xx,,,marketplace_seller_trust,0.9,"Hi there, I understand you're eager to participate in the presale for Gary Barlow. You should receive your priority code shortly. Please check your email for the details. Happy to assist if you have any more questions!",escalate,"high-risk intent 'marketplace_seller_trust': requires human for account/money/trust action, regardless of confidence",[],
2919873,,.. doesn’t seem like the best packaging? #decreasingQuality <URL>,,,delivery_shipping_issue,0.9,"""We're sorry to hear about your experience. Could you please provide more details about the packaging issue? We're here to help. :D""",escalate,retrieval_top1_similarity 0.71 < 0.74,[],
1232179,,#yasss !! #hp illustrated on my doorstop today. Got it for a preorder steal from <URL>,,,marketplace_seller_trust,0.9,"""We're thrilled to hear you got the preorder! Enjoy your new book, and if you have any questions or need further assistance, feel free to reach out. Happy reading!""",escalate,"high-risk intent 'marketplace_seller_trust': requires human for account/money/trust action, regardless of confidence",[],
328731,,"Dear , I highly suggest you train your “supervisors” to not argue with customers after making the exact same mistake a second time. #CustomerExperience #fail Prime isn’t worth the money any longer.",,,general_complaint_other,0.9,"""I'm sorry to hear about your experience. We value your feedback and would like to understand more about what happened. Could you please share more details so we can address this issue promptly?""",auto,confidence 0.90 >= 0.9 and similarity 0.79 >= 0.74,[],
2387968,,"Hi, I returned an item but have not yet received a refund. the seller said will give refit d when returned. I sent it as recorde",,,refund_return_dispute,0.9,"""Hi there! We're sorry to hear about the delay. Could you please confirm if the return was processed by Amazon or a third-party seller? Also, do you have the tracking number for the return? This will help us expedite the resolution. Thanks!""",escalate,"high-risk intent 'refund_return_dispute': requires human for account/money/trust action, regardless of confidence",[],
483721,,does Amazon no longer provide refund if the same item price drops on it's website after 2 days of delivery??,,,billing_subscription_dispute,0.9,"""We don't have a refund policy for price drops after delivery. Our prices are determined by sellers and can change due to market conditions.""",escalate,"high-risk intent 'billing_subscription_dispute': requires human for account/money/trust action, regardless of confidence",[],
758933,,is there anyways to contact amazon thru email. Not on a specific order tho. And can i change a ps4 game to digital b4 it ships,,,general_complaint_other,0.9,"Hi there! You can contact Amazon via email at any time. To change a PS4 game to digital before it ships, you can do so during checkout by selecting the digital version of the game as your payment option.",escalate,retrieval_top1_similarity 0.70 < 0.74,[],
2766316,,Shamshabad-RGIA area had been alloted a new pin code earlier this year. Not picking up when searching. Pls update - 500108. TY 🙏,,,general_complaint_other,0.9,"""We apologize for the inconvenience. We're working on updating our system to reflect the new pin code for Shamshabad-RGIA area. Thank you for your patience.""",escalate,retrieval_top1_similarity 0.68 < 0.74,[],
463375,,#ceva #Amazon let down by AMZ so many times...u get tfrd to support (scripts. no empathy)1/2 hr to authenticate me.Tonite (1mth later delayed delivery) #CEVA left msg can't deliver (day before critical pjt).. not answering phone. no-one to talk to. 2hrs lost of my day. #jeffhelp,,,general_complaint_other,0.9,"I'm sorry to hear about the trouble you've faced with your order, and I understand how frustrating it can be when support doesn't meet your expectations. We aim to provide timely and empathetic assistance to all our customers. If you'd like, I can help you get in touch with a customer service agent who can assist you further.",auto,confidence 0.90 >= 0.9 and similarity 0.81 >= 0.74,[],
53499,,Why cant we watch prime content on mobile devices,,,digital_service_device_support,0.9,"""We're sorry to hear you're experiencing this issue. Could you please try clearing the app's cache and reinstalling it? This often resolves such issues. If the problem persists, please let us know!""",escalate,retrieval_top1_similarity 0.73 < 0.74,[],
374771,,"Your metal credit card is impacting Qi charging, can we request plastic ones?",,,digital_service_device_support,0.9,"Hi there! It's unusual for a credit card to affect Qi charging. Could you please confirm if you're using a compatible Qi charger? If so, you might want to try a different one to see if the issue persists.",escalate,retrieval_top1_similarity 0.60 < 0.74,[],
1876743,,Why is the delivery date still in pending <URL>,,,delivery_shipping_issue,0.9,"""We apologize for the inconvenience. Please ensure your delivery details are correctly filled out in the link provided earlier. We'll update you as soon as we have more information.""",auto,confidence 0.90 >= 0.9 and similarity 0.79 >= 0.74,[],
2514679,,hi I returned an item over a month now and I’ve still not heard anything or been refunded.,,,refund_return_dispute,0.95,"""Hi there, I understand your concern. Could you please confirm if you've received a confirmation email after returning the item? This helps us track the process more effectively. Thank you.""",escalate,"high-risk intent 'refund_return_dispute': requires human for account/money/trust action, regardless of confidence",[],
2638491,,Forever wishing would come up with a ‘Gifting’ option so people who share the account won’t see their Christmas presents 🙃,,,positive_feedback,0.9,Hi there! We appreciate your feedback. We understand the importance of privacy during the holiday season. We're always working on new features and will certainly consider your suggestion for a 'Gifting' option to help keep presents a surprise. Thank you for sharing your thoughts with us!,escalate,generated reply failed automated safety validation: ['near-verbatim: 86% token overlap with top-1 retrieved reply'],['near-verbatim: 86% token overlap with top-1 retrieved reply'],
2835636,,if there’s a better deal on a product today and i bought that same product a couple days ago can I still get a price match?,,,positive_feedback,0.85,"""Hi there! I'm sorry for the inconvenience, but since we do not price match, that method is the only way to get the sale price. Take care!""",escalate,generated reply failed automated safety validation: ['near-verbatim: 92% token overlap with top-1 retrieved reply'],['near-verbatim: 92% token overlap with top-1 retrieved reply'],
2864737,,"Hi, my girlfriend used her account whilst on holiday and her account has been frozen. The reason given was fraud. She's been asked to provide ID by fax. She does not have access to a fax machine! Can she send the info as a PDF on email? Please help!",,,account_access,0.9,We've flagged this for immediate review by our security team.,escalate,security/fraud keyword match,[],
1004520,,i have tried filing an A-Z claim and it doesn’t give me the option and i have contacted the seller twice and have not gotten a response. I would like these refunded. They never arrived. Thank you. <URL>,,,refund_return_dispute,0.9,"Hi there, I'm sorry to hear about the trouble you're experiencing. It's important to us that you receive the support you need. Could you please share more details about your situation without sharing any personal account information?",escalate,"high-risk intent 'refund_return_dispute': requires human for account/money/trust action, regardless of confidence",[],
2081546,,Chat help unimpressive. Communication even worse. Will be going out at 11pm to replace order. #customerservicefail #amazon,,,general_complaint_other,0.9,"""We're truly sorry to hear about your experience. We aim to provide the best service possible. If you're unhappy with your order, please let us know how we can make things right. We're here to help!""",escalate,retrieval_top1_similarity 0.73 < 0.74,[],
2765001,,Imagine using Amazon prime next day delivery only to be told it might not come until Thursday! So much for urgency!,,,delivery_shipping_issue,0.95,"""We apologize for the inconvenience. Please check your order confirmation for the expected delivery date. If there's any discrepancy, we'll look into it immediately.""",auto,confidence 0.95 >= 0.9 and similarity 0.83 >= 0.74,[],
2630088,,"Hey Guys ! i have a quarry reg iphone8+, it's mention that 8k CB in city card. I wanna know even if i don't wanna enroll jio offer will CB still applicable ?",,,digital_service_device_support,0.9,"""Hi there! To confirm, the 8k CB offer is applicable regardless of whether you enroll in the Jio offer or not. Enjoy your iPhone 8+!""",escalate,retrieval_top1_similarity 0.65 < 0.74,[],
1091665,,"please imporve your service in delivering products, I wanted this deliverery before 13 Oct. But your service sucks 😓 Proof -} <URL>",,,delivery_shipping_issue,0.9,"""We're sorry to hear about your experience. We aim to deliver on time and apologize for any inconvenience. Please let us know if your order has been delivered.""",auto,confidence 0.90 >= 0.9 and similarity 0.83 >= 0.74,[],
2288005,,# were the hell is my order Amazon # very disappointed with your Prime service # looking to change from Amazon to flipkart,,,general_complaint_other,0.9,"""We're sorry to hear about your experience with our Prime service. Could you please share more details so we can assist you better?""",auto,confidence 0.90 >= 0.9 and similarity 0.78 >= 0.74,[],
1190855,,please can someone contact me ASAP. Seems my account has been hacked email switched and now cannot log in to use contact us option,,,account_access,0.95,We've flagged this for immediate review by our security team.,escalate,security/fraud keyword match,[],
2152750,,: A big thank you for delivering the product on Diwali day. #HappyDiwali!,,,positive_feedback,0.98,"""We're thrilled to hear you received your gift in time for Diwali! Wishing you a joyous and memorable celebration. #HappyDiwali""",escalate,"generated reply failed automated safety validation: [""name used in draft: 'Diwali' (names are banned by policy)""]","[""name used in draft: 'Diwali' (names are banned by policy)""]",
224406,,"I purchased a video from you, and it was not the version I expected at all, and I'm hoping for a refund, unclear how to pursue.",,,refund_return_dispute,0.9,"""Hello! We'd love to help! Can you tell us more about the version you received and what you were expecting? This will help us understand how to best assist you with your refund.""",escalate,"high-risk intent 'refund_return_dispute': requires human for account/money/trust action, regardless of confidence",[],
1474635,,Cancelling my #prime membership as soon as I get home. Tired of misdelivered packages and customer service run-around,,,delivery_shipping_issue,0.9,"We're sorry to hear about your experience. We aim for timely deliveries and excellent customer service. If you'd like, we can assist with resolving this issue.",auto,confidence 0.90 >= 0.9 and similarity 0.78 >= 0.74,[],
133593,,is Amazon site down due to Black Friday,,,general_complaint_other,0.9,"""Hello, I'm sorry to hear about your concern. Our website is designed to handle high traffic during special occasions like Black Friday. If you're experiencing issues, please try refreshing the page or checking your internet connection. If the problem continues, please let us know so we can assist further.""",escalate,retrieval_top1_similarity 0.69 < 0.74,[],
1297926,,amazon help!!! Are you guys desperate to get rid of this Bjork album? This is the second time! I need the right vinyl :( <URL>,,,general_complaint_other,0.9,"Hi there, I'm sorry to hear about the issue with your Bjork album. I'm here to help! Could you please provide more details about the problem?",escalate,retrieval_top1_similarity 0.74 < 0.74,[],
2300798,,"Is there anything wrong with search? I’m looking for “canon rebel” and only get books and bundles, not just cameras",,,marketplace_seller_trust,0.9,"""We're sorry to hear you're having trouble with your search. Could you please share a screenshot of your search results? This will help us understand the issue better.""",escalate,"high-risk intent 'marketplace_seller_trust': requires human for account/money/trust action, regardless of confidence",[],
1595280,,"The Great Indian Sale is such a scam. This product was available at the same price even before the sale. The MRP then was 10,999/- <URL>",,,marketplace_seller_trust,0.9,We've flagged this for immediate review by our security team.,escalate,security/fraud keyword match,[],
1427953,,"I received damaged mobile from amazon and it is taking years to get that replaced, stating the fact DON'T BUY FROM AMAZON",,,delivery_shipping_issue,0.95,"""We're sorry to hear about your experience. Please share the order number and the product details so we can assist you further. We aim to resolve this promptly.""",escalate,retrieval_top1_similarity 0.73 < 0.74,[],
1485339,,i dont see #TNFonPrimeVideo anywhere. i need a refund,,,billing_subscription_dispute,0.9,"""Hi there! We're sorry to hear about your experience. Could you please share more details about the issue so we can assist you better?""",escalate,"high-risk intent 'billing_subscription_dispute': requires human for account/money/trust action, regardless of confidence",[],
726773,,": is ""Shop with Points"" available in India?",,,positive_feedback,0.9,"""We're currently reviewing the 'Shop with Points' feature for our Indian customers. We appreciate your patience and will update you as soon as we have more information.""",escalate,retrieval_top1_similarity 0.62 < 0.74,[],
2230308,,"What a joke . How can you send a PC Download 🤷🏻‍♀️. If I had known, I would of got it from somewhere else 😔.",,,general_complaint_other,0.9,Hi there! I'm sorry to hear about your experience. Could you please share more details about the issue?,escalate,retrieval_top1_similarity 0.64 < 0.74,[],
2392739,,Delivery services from Amzon is very poor and unprofessional. Very bad Amazon..,,,delivery_shipping_issue,0.9,I'm sorry to hear about your experience. Can you share more details so we can assist you better?,auto,confidence 0.90 >= 0.9 and similarity 0.76 >= 0.74,[],
1178910,,Why does Amazon Prime promote fast shipping and display “prime” on items when they don’t actually ship on time?Thanks for nothing 👎🏻,,,delivery_shipping_issue,0.95,"Hi there, we understand your concerns. Prime shipping refers to the delivery time after the item has been shipped, which may not always be immediate. We aim to provide the most accurate delivery date during checkout and in your confirmation email.",auto,confidence 0.95 >= 0.9 and similarity 0.80 >= 0.74,[],
1993267,,No delivery and No refund! i am changing my decision to buy from #BadDiwali #AmazonIsTheReason,,,delivery_shipping_issue,0.95,"""I'm sorry to hear about your experience. Could you please provide more details so we can assist you better?""",auto,confidence 0.95 >= 0.9 and similarity 0.75 >= 0.74,[],
356745,,"Hi Team, My issue is pending since many days now its about more than 2 month. Order # <PHONE> Pls help asap.",,,general_complaint_other,0.9,"Hi there, we understand your concern and apologize for the delay. Please contact us through our customer service email for a prompt resolution.",auto,confidence 0.90 >= 0.9 and similarity 0.79 >= 0.74,[],
2849083,,"why is it after a recent purchase, I was unable to leave the payment page unless I clicked to sign up to Amazon Prime! Then you email me telling my trial has started and the cancellation form is something I have to post. You have made it deliberately difficult to cancel",,,billing_subscription_dispute,0.95,"Hi there, we understand your frustration and apologize for the inconvenience. Our goal is to make the cancellation process as straightforward as possible. Could you please provide more details about your recent purchase and the steps you took to try to cancel? This will help us assist you better.",escalate,"high-risk intent 'billing_subscription_dispute': requires human for account/money/trust action, regardless of confidence",[],
1134050,,An ode to : Amazon is great It has all the things I need Take all my money 💸 #EU #NoBorders #FastDelivery ❤️,,,positive_feedback,0.9,"""We're thrilled to hear you love our service! We're here to help with all your shopping needs. Happy shopping!""",escalate,retrieval_top1_similarity 0.68 < 0.74,[],
43700,,"Just love it when says they attempted an delivery to my place, yet I did not hear my door knock or receive a buzz on my intercom or get a phone call. Oh and no 'We Missed You' notice left. Thanks for trying....NOT.",,,delivery_shipping_issue,0.95,"""I'm sorry to hear about the missed delivery attempt. We aim for a smooth delivery process and I apologize for any inconvenience. Could you please confirm if you're available for delivery at this time? We'll ensure to follow up accordingly.""",auto,confidence 0.95 >= 0.9 and similarity 0.76 >= 0.74,[],
1107325,,"Mission Impossible 3 & Jack Reacher 2 are listed under ""drama movies"" category in . Such dumb assess unable to classify...",,,general_complaint_other,0.9,"""Hi there, I understand your concern about the movie categorization. We strive to accurately classify our content. If you believe there's been a mistake, please reach out to our customer service team for assistance.""",escalate,retrieval_top1_similarity 0.53 < 0.74,[],
334903,,I’m trying to reset my password. They sent a verification email but it doesn’t show up in my emails.,,,account_access,0.95,"""Password reset issues can be frustrating. Have you checked your spam/junk folder for the verification email? If it's not there, you might try resetting your password using another device or contacting our support for further assistance.""",escalate,"high-risk intent 'account_access': requires human for account/money/trust action, regardless of confidence",[],
2281396,,"And now, after paying to send the faulty item to London recorded delivery, have made a U turn and said I am not covered for a refund. You couldn't make this up!",,,billing_subscription_dispute,0.9,"""We apologize for the inconvenience. Please provide more details so we can assist you further.""",escalate,"high-risk intent 'billing_subscription_dispute': requires human for account/money/trust action, regardless of confidence",[],
2942108,,"Thanks for delivering a clearly damaged leaky parcel to my safe place ! Now I get to deal with it, awesome. Just what I want to do on day 6 of a migraine, which I have on top of my chronic illness.",,,delivery_shipping_issue,0.95,"""Hi there, we're really sorry to hear about this situation. It's unfortunate that your order arrived in this condition. We'd like to help resolve this issue promptly. Could you please provide more details about the damage?""",escalate,retrieval_top1_similarity 0.68 < 0.74,[],
1173857,,"having problems with my Amazon Video, keeps buffering, any advice ?",,,digital_service_device_support,0.9,"""I'm sorry to hear about the issues with Amazon Video. Have you tried restarting your device or checking your internet connection speed?""",auto,confidence 0.90 >= 0.9 and similarity 0.80 >= 0.74,[],
1633233,,#apptreasurehunt I have just received my Safari that I won during last App Treasure Hunt.It's pretty👌I❤it. Thanks Amazon🙏❤Amazon,,,positive_feedback,0.95,"""We're thrilled to hear you've won a Safari from the App Treasure Hunt, Alex! Your excitement is contagious. Enjoy your new app, and thank you for choosing Amazon for your treasure hunt. If you have any more questions or need assistance, we're here to help. Happy hunting! 🎉🎉🎉""",escalate,"generated reply failed automated safety validation: [""name used in draft: 'Alex' (names are banned by policy)"", ""name used in draft: 'Hunt' (names are banned by policy)""]","[""name used in draft: 'Alex' (names are banned by policy)"", ""name used in draft: 'Hunt' (names are banned by policy)""]",
1701075,,lost my packages 😒😒😒,,,delivery_shipping_issue,0.95,"""We're sorry to hear about this inconvenience. Could you please provide the order number so we can look into it further?""",auto,confidence 0.95 >= 0.9 and similarity 0.84 >= 0.74,[],
281364,,Ordered Echo Dot. Asked another invite for Echo :P. Can't wait till Nov. Bring it fast please :),,,positive_feedback,0.9,"""Hi there! We understand your excitement for the Echo Dot. Invites are sent out randomly, so please check your inbox regularly. We hope you receive one soon and enjoy your new device in November! (2/2)""",escalate,"generated reply failed automated safety validation: [""name used in draft: 'November' (names are banned by policy)""]","[""name used in draft: 'November' (names are banned by policy)""]",
600288,,I want to return something but the app is telling me item is not returnable. How do I find out why?,,,refund_return_dispute,0.9,"Hi there, I'm sorry to hear you're having trouble with your return. Could you please check if the item is still within the return period on the website?",escalate,"high-risk intent 'refund_return_dispute': requires human for account/money/trust action, regardless of confidence",[],
2400094,,any idea when season 7 will be available?,,,general_complaint_other,0.9,"""We're excited to share that Season 7 is scheduled for release soon. Stay tuned for more details!""",escalate,retrieval_top1_similarity 0.70 < 0.74,[],
465768,,I’d appreciate the Prime Day discount you gave me if I could actually use it! 😩,,,positive_feedback,0.85,I'm sorry to hear about your disappointment! We'd love to help. Could you share more about your experience with Prime Day?,escalate,confidence 0.85 < 0.9; retrieval_top1_similarity 0.71 < 0.74,[],
432312,,Accidentally ordered a $40 box of dog treats off thinking it was bulk bc it was the same price I usually pay & now no returns🙃🙃🙃,,,billing_subscription_dispute,0.9,"""We understand the mix-up, and we're here to help! Could you please share more details about the order? We'll do our best to resolve this for you.""",escalate,"high-risk intent 'billing_subscription_dispute': requires human for account/money/trust action, regardless of confidence",[],
2412580,,"Wow, , 2 boxes and a bunch of plastic to mail items MADE OF FOAM RUBBER. I thought your business was efficient. #wasteful #Packaging <URL>",,,digital_service_device_support,0.9,"""We apologize for the inconvenience. Your feedback about the packaging has been noted and will be forwarded to our packaging team for review.""",auto,confidence 0.90 >= 0.9 and similarity 0.74 >= 0.74,[],
2252842,,"hi, have tried to cancel an order which hasn't been delivered but return hasn't been confirmed? What can I do?",,,delivery_shipping_issue,0.95,Hi there! I'm sorry to hear about the trouble with your return. Let's try to resolve this together. Could you please provide the order number and the date of purchase?,auto,confidence 0.95 >= 0.9 and similarity 0.78 >= 0.74,[],
2512066,,Not Please help me to get my refund. Poor response from your side. I will complaint in consumer Court <URL>,,,refund_return_dispute,0.9,"""We apologize for the inconvenience. Please share the screenshot of your order and refund request. We'll review it promptly.""",escalate,"high-risk intent 'refund_return_dispute': requires human for account/money/trust action, regardless of confidence",[],
205095,,"It’s is currently 7:55pm and I’m anxiously waiting for my order to get here before 8pm, as promised lol. Please don’t fail me now! 😭",,,delivery_shipping_issue,0.9,"""We're here to help! Please let us know if you haven't received your order by 8 PM.""",auto,confidence 0.90 >= 0.9 and similarity 0.75 >= 0.74,[],
1234685,,one more call disconected by amazon help services,,,general_complaint_other,0.9,"""We apologize for the inconvenience. You can reach us through live chat or email for immediate assistance. 2/2""",auto,confidence 0.90 >= 0.9 and similarity 0.75 >= 0.74,[],
1499739,,I need to speak to someone please?,,,general_complaint_other,0.9,"""We're here to help! Our customer service team is ready to assist you. Please provide a brief description of your concern so we can offer the best support.""",escalate,retrieval_top1_similarity 0.73 < 0.74,[],
2265611,,"thank for d worst custmr support , i seriously never even thought amazon culd ever do this but wow its Indian Amazon",,,general_complaint_other,0.95,"""We're sorry to hear about your experience. Could you share more details so we can assist you better?""",auto,confidence 0.95 >= 0.9 and similarity 0.79 >= 0.74,[],
2103439,,Its sad to see how much A rating programs /movies are available but none of classic Hollywood romantic movies are yet available to watch in India.,,,general_complaint_other,0.9,"""We understand your love for classic Hollywood romantic movies, Priya. We're continually working to expand our library with more content. We'll keep you posted on new additions.""",escalate,retrieval_top1_similarity 0.63 < 0.74,[],
793854,,"had apparently cancelled my replacement request for the G80 🤔 Sent a new request, hopefully this time it works.",,,general_complaint_other,0.9,"""I apologize for the inconvenience. Please allow us some time to process your new request. We'll do our best to ensure it's handled promptly.""",escalate,retrieval_top1_similarity 0.66 < 0.74,[],
1625482,,"excellent customer service from Arundas on my recent order. I messaged you midnight. Clear, helpful response this morning 8am 👌",,,positive_feedback,0.98,"Hi there, glad to hear you had a positive experience with our customer service. We're here to ensure your satisfaction, so please don't hesitate to reach out if you have any more questions or concerns.",escalate,retrieval_top1_similarity 0.69 < 0.74,[],
2746017,,#primenow basically isn’t. #primetomorrow #sometime #maybe,,,general_complaint_other,0.9,"""We're sorry to hear you're feeling this way. Can you share more about your experience so we can help improve it?""",auto,confidence 0.90 >= 0.9 and similarity 0.77 >= 0.74,[],
468225,,"I have been stuck with a faulty product delivered to me with full advance payment and still no one is picking up the package for return and refunding my amount since a month. This is for no fault of mine. It takes a month to sort out one refund, really? #AmazonIssues",,,delivery_shipping_issue,0.95,"Hi there, I'm sorry to hear about the trouble you're experiencing. Could you please provide more details about the product and the issue you're facing? This will help us assist you better.",auto,confidence 0.95 >= 0.9 and similarity 0.74 >= 0.74,[],
521710,,Another shipping #fail today. Why do I keep ordering stuff from them? #AmazonPrime #ripoff,,,delivery_shipping_issue,0.95,"Hi there, we're sorry to hear about the shipping issues. Can you share more about what happened? We're here to help resolve this for you.",auto,confidence 0.95 >= 0.9 and similarity 0.82 >= 0.74,[],
175405,,Amazon ruined Christmas. #holidaydumb #amazonruinedchristmas,,,general_complaint_other,0.9,"""I'm sorry to hear that you're disappointed with your experience. We'd love to understand what happened and how we can make things right. Could you share more about your situation?""",escalate,retrieval_top1_similarity 0.66 < 0.74,[],
2399800,,"What is supposed to happen if I have pay for Prime, and items keep getting pushed back and arriving after the free two day?",,,delivery_shipping_issue,0.95,"I'm sorry to hear about the delays. Sometimes, unexpected factors can affect delivery times. If you're experiencing consistent delays, please let us know so we can look into it further.",auto,confidence 0.95 >= 0.9 and similarity 0.82 >= 0.74,[],
230130,,"Jst orderd a couple of thngs with my prime accnt and b4 order, delivery date was 2mrw. After paying online, it's saturday. Why? :(",,,billing_subscription_dispute,0.9,"""Hi, I'm sorry to hear about the confusion with your delivery date. Could you please share more details about the order and the estimated delivery date mentioned in your order confirmation?""",escalate,"high-risk intent 'billing_subscription_dispute': requires human for account/money/trust action, regardless of confidence",[],
1626657,,How can I get Alexa to pronounce my daughter's name correctly?,,,digital_service_device_support,0.9,"Hi there, I understand you're having some trouble with Alexa's pronunciation. Could you share more about the issue you're experiencing?",escalate,retrieval_top1_similarity 0.66 < 0.74,[],
1490216,,"with some crap right there! First the green screen, now this.. <URL>",,,general_complaint_other,0.9,"""We apologize for the inconvenience. We've noted the issue and will address it promptly.""",escalate,retrieval_top1_similarity 0.61 < 0.74,[],
2747138,,Part of my order didn’t turn up. How do i get a refund?,,,refund_return_dispute,0.95,"Hi there, I'm sorry to hear about the issue with your order. Could you please provide the order number and the date of purchase? This will help us to look into the matter and process your refund accordingly.",escalate,"high-risk intent 'refund_return_dispute': requires human for account/money/trust action, regardless of confidence",[],
418835,,What exactly is the reason for the order / payment confirmation to take more than an hour ? #Amex,,,billing_subscription_dispute,0.9,"""The processing time can vary depending on several factors. It's usually quick, but sometimes it can take a bit longer due to bank processing times or other logistical considerations.""",escalate,"high-risk intent 'billing_subscription_dispute': requires human for account/money/trust action, regardless of confidence",[],
728499,,plzz make mobile exchange available in a few more cities.Not available for 452001 whereas other shopping portals do offer it here,,,digital_service_device_support,0.9,"""We appreciate your feedback and understand your concern. I'll ensure your comments reach our team for review. We're always working to improve our services. Thank you for bringing this to our attention.""",escalate,retrieval_top1_similarity 0.66 < 0.74,[],
471576,,Can i just say it’s a bit pointless having an amazon help twitter account when you can’t check individual cases... The whole point of this is to help.,,,general_complaint_other,0.9,I understand your concern and apologize for any inconvenience. We aim to provide personalized assistance. Could you share more about your specific issue so we can better assist you?,escalate,retrieval_top1_similarity 0.71 < 0.74,[],
2319614,,Any particular reason why an order I was going to make for an Avermedia Live Gamer Portable instantly jumped in price from £99 to £150? It's dispatched and sold by you so why the sudden price hike? Losing a customer if you're using cookies to dictate us for your profits,,,billing_subscription_dispute,0.9,"Hi there, I understand your concern about the price change. It's possible that the price you saw was for a different time or location. We aim to provide competitive pricing and appreciate your feedback.",escalate,"high-risk intent 'billing_subscription_dispute': requires human for account/money/trust action, regardless of confidence",[],
975754,,#Poor Customer Service. £554 Order was out of stock but sent charged anyway! Spent 4 hrs on this problem then offered refund £5!!,,,billing_subscription_dispute,0.95,"Hi, I'm sorry to hear about your experience. Could you please provide more details so we can assist you better?",escalate,"high-risk intent 'billing_subscription_dispute': requires human for account/money/trust action, regardless of confidence",[],
1585314,,When you have Amazon prime & your package is late and then shows delivery now between 5 th and 8th but check Back on Thursday 😡 #amazonfail,,,delivery_shipping_issue,0.95,"I'm truly sorry to hear about the delay and confusion with your delivery. We understand how important timely delivery is, especially for Prime members. Let's get this sorted out together. Could you please provide more details about the order and delivery attempt?",auto,confidence 0.95 >= 0.9 and similarity 0.78 >= 0.74,[],
1983613,,received a scam email supposedly from you. Do I need to forward it to anyone to look into?,,,general_complaint_other,0.9,We've flagged this for immediate review by our security team.,escalate,security/fraud keyword match,[],
114366,,Every single time is responsible for delivery I don't get it because even though I pay for Prime they employ anybody with a car who can't be arsed to find parking! Everyone else can find the f***ing place and we don't pay them every year!,,,delivery_shipping_issue,0.95,"Hi there, I understand your frustration with the delivery delays. It's important for us to ensure that our delivery process is efficient and reliable. Could you please provide the order confirmation details so we can look into this further?",auto,confidence 0.95 >= 0.9 and similarity 0.75 >= 0.74,[],
2810726,,Please Update me Honor 7x Launch Date.,,,general_complaint_other,0.9,"""We're sorry to hear about the delay. We're working hard to ensure the launch goes smoothly and will update you as soon as we have more information.""",escalate,retrieval_top1_similarity 0.64 < 0.74,[],
1137747,,i won skybags blue backpack in app treasure hunt contest i haven't received product yet. help ASAP,,,delivery_shipping_issue,0.9,"""We're sorry to hear about the delay! Can you please provide the order number and the date you entered the contest? This will help us look into the matter.""",escalate,retrieval_top1_similarity 0.67 < 0.74,[],
205985,,order id #4__credit_card__ cancelled it but it is on the way as per status on app. When will I get my refund?,,,billing_subscription_dispute,0.9,"Hi there! I understand your concern. To help you with your refund, please provide the order ID and confirm if the purchase was made on Amazon.com or through a third-party seller.",escalate,"high-risk intent 'billing_subscription_dispute': requires human for account/money/trust action, regardless of confidence",[],
1290403,,How am I supposed to add my dot to a smart home group? It does not show up as a selectable device...,,,digital_service_device_support,0.9,"""We're working on adding more features to the device. Kindly stay tuned for updates!""",escalate,generated reply failed automated safety validation: ['near-verbatim: 100% token overlap with top-1 retrieved reply'],['near-verbatim: 100% token overlap with top-1 retrieved reply'],
1012292,,I’m highly upset I ordered eyebrow pencils and I got spectra gel? Really you guys <URL>,,,marketplace_seller_trust,0.9,"Hi there, I'm really sorry to hear about the mix-up with your order. Could you please provide the order number so we can look into this for you?",escalate,"high-risk intent 'marketplace_seller_trust': requires human for account/money/trust action, regardless of confidence",[],
2170957,,I️ love audio books but and make it insanely hard to buy audio books. I️ have no idea how to buy one! UI and mobile sites are awful.,,,digital_service_device_support,0.9,"I'm sorry to hear about the difficulties you're experiencing with our audio book selection. Could you tell me which device and app you're using? Sometimes, device compatibility can affect the user experience.",escalate,retrieval_top1_similarity 0.67 < 0.74,[],
1441394,,got query regarding Alexa Please reply to my DM Thank You !,,,digital_service_device_support,0.9,"""We're here to help! Please share your query in the DM, and we'll do our best to assist you.""",escalate,retrieval_top1_similarity 0.70 < 0.74,[],
2829481,,"Hey , why is the 1rst season of Preacher only available in French in Belgium?",,,general_complaint_other,0.9,"Hi there, we're sorry to hear about this issue. Could you please let us know if you've tried accessing the first season of Preacher in English? If not, we'd be happy to assist you with that.",escalate,retrieval_top1_similarity 0.56 < 0.74,[],
322942,,Hi Team am very disappointed with new launch 10.Or G Fulfilled by Amazon. ☹️😖😤,,,delivery_shipping_issue,0.9,"""I'm sorry to hear about your experience with the new launch. Could you share more details so we can assist you better?""",escalate,retrieval_top1_similarity 0.71 < 0.74,[],
2282511,,Yet another failed delivery thanks to useless Amazon Logistics. Beginning to wonder why I'm paying for Prime.,,,delivery_shipping_issue,0.95,"""We're sorry to hear about the delivery issues. Could you please provide the order number so we can look into this for you?""",auto,confidence 0.95 >= 0.9 and similarity 0.79 >= 0.74,[],
2884212,,Not sure I’ll be renewing my Prime membership now. <URL>,,,billing_subscription_dispute,0.9,"Hi there, I understand your concerns. While I can't access your account details, I'd be glad to help. Could you share more about your specific concerns or questions regarding your Prime membership?",escalate,"high-risk intent 'billing_subscription_dispute': requires human for account/money/trust action, regardless of confidence",[],
352341,,1/2 when I added this product to my cart it was deliverable to 284128 but as I proceed for checkout <URL>,,,delivery_shipping_issue,0.9,"""I apologize for the inconvenience. Could you please confirm if the delivery address has changed since you added the product to your cart?""",escalate,retrieval_top1_similarity 0.71 < 0.74,[],
257674,,While i added Axe signature In cart it was 167 nd when i placed the order i seen it was 191 Need My Refund,,,billing_subscription_dispute,0.95,"""We apologize for the inconvenience. Please visit our website to process a refund request.""",escalate,"high-risk intent 'billing_subscription_dispute': requires human for account/money/trust action, regardless of confidence",[],
2689384,,Anyone else having problems connecting to and ?,,,digital_service_device_support,0.9,"""Hi there! We're sorry to hear you're experiencing connection issues. Have you tried resetting your network settings on your device?""",escalate,retrieval_top1_similarity 0.71 < 0.74,[],
420464,,can you tell me why my order get cancelled <PHONE>,,,account_access,0.9,I'm sorry to hear about the issue with your order. You'll receive an email with the details. Please check your inbox.,escalate,"high-risk intent 'account_access': requires human for account/money/trust action, regardless of confidence",[],
2868423,,My fire stick recently started turning itself on and changing the input from cable to fire stick. It’s possessed. Please help!,,,digital_service_device_support,0.9,"""Hi there! It sounds like your Fire Stick might be experiencing some glitches. Have you tried resetting the device or checking for any software updates? Let's troubleshoot this together!""",escalate,retrieval_top1_similarity 0.71 < 0.74,[],
349922,,It is literally easier to swim to Somalia than return anything from,,,general_complaint_other,0.9,"""We're truly sorry to hear about your experience. Could you share more details so we can assist you better?""",escalate,retrieval_top1_similarity 0.46 < 0.74,[],
2527615,,I cannot believe my eyes when I open the box! It is supposed to be a Huawei Mate 9! Buuuut! It’s a Samsung note II! And it’s fake! Cannot even be used! You must be kidding me! I need an explanation! <URL>,,,marketplace_seller_trust,0.95,I'm sorry to hear about the mix-up with your order. Could you please provide more details about the order so we can assist you better?,escalate,"high-risk intent 'marketplace_seller_trust': requires human for account/money/trust action, regardless of confidence",[],
510300,,Isn’t charging me this price! Help please! Thx <URL>,,,billing_subscription_dispute,0.9,"""Hi there, we're sorry to hear about this issue. Could you please provide a link to the product for us to review?""",escalate,"high-risk intent 'billing_subscription_dispute': requires human for account/money/trust action, regardless of confidence",[],
108215,,is there a problem with orders shipping from Amazon Uk and Amazon IT? I order since 18 of November and didnt ship yet!,,,delivery_shipping_issue,0.9,Hi there! We're sorry to hear about the delay. Could you please confirm if the delivery address and contact details are correct in your order?,auto,confidence 0.90 >= 0.9 and similarity 0.77 >= 0.74,[],
950247,,"wanna replace my iphone 6 with a new Apple iPhone 6(Space Grey, 64GB) .its not available since a week. wen it will be available?",,,marketplace_seller_trust,0.9,"Hi there, I understand you're looking for an Apple iPhone 6 in Space Grey with 64GB. Currently, we only have the 32GB variant available. We do not have a specific date for when the 64GB model will be back in stock.",escalate,"high-risk intent 'marketplace_seller_trust': requires human for account/money/trust action, regardless of confidence",[],
2536355,,-why you trying to charge me for a show I paid for?! <URL>,,,billing_subscription_dispute,0.9,"Hi there, I'm sorry to hear about this issue. Could you please provide more details about the charge and the show in question? We're here to help!",escalate,"high-risk intent 'billing_subscription_dispute': requires human for account/money/trust action, regardless of confidence",[],
17900,,Hey unpredictable delivery processes r killing Amazon experience in India. Loyal customers like me are dissatisfied. DO SOMETHING,,,delivery_shipping_issue,0.9,"""We apologize for the inconvenience. We're working to improve our delivery processes. Your feedback is valuable to us. (2/2)""",auto,confidence 0.90 >= 0.9 and similarity 0.77 >= 0.74,[],
1491451,,please tell your having a laugh???? 😡😡😡😡 <URL>,,,general_complaint_other,0.9,"""We're sorry to hear about your experience, Alex! Could you share more details so we can assist you better? 😊""",escalate,"generated reply failed automated safety validation: [""name used in draft: 'Alex' (names are banned by policy)""]","[""name used in draft: 'Alex' (names are banned by policy)""]",
811623,,My money was on hold for 12 to 15 days still don't know whom to ask Order # <PHONE>,,,billing_subscription_dispute,0.9,"""We apologize for the delay. Please contact our customer service team via email for assistance. (2/2)""",escalate,"high-risk intent 'billing_subscription_dispute': requires human for account/money/trust action, regardless of confidence",[],
1599761,,again they send and still projector not capable with our system.,,,digital_service_device_support,0.9,"""We apologize for the inconvenience. I'll forward your feedback to our technical team for review. 1/2""",escalate,retrieval_top1_similarity 0.60 < 0.74,[],
2741824,,Account locked! no e-mail to unlock. please help! I have an important order on my account.,,,account_access,0.95,"Hi there, I'm sorry to hear about the trouble with your account. Could you please provide a bit more detail about the issue? We're here to help!",escalate,"high-risk intent 'account_access': requires human for account/money/trust action, regardless of confidence",[],
297416,,Cheating by one of the Amazon India sellers 20days for INR 3000/-. Contacted Amazon India million times. No one helped.,,,general_complaint_other,0.9,"Hi there, I'm sorry to hear about your experience. We take such matters very seriously. Could you please provide more details about the issue? We'll do our best to assist you promptly.",auto,confidence 0.90 >= 0.9 and similarity 0.83 >= 0.74,[],
1197347,,Hey what's your phishing email again?,,,general_complaint_other,0.9,We've flagged this for immediate review by our security team.,escalate,security/fraud keyword match,[],
324241,,"Awful post sales service, I hv rqstd for a return/refund of a single product 7 times bt failed and on my next attempt u blocked me <URL>",,,general_complaint_other,0.9,"""We're sorry to hear about your experience. Could you share more details so we can assist you better?""",escalate,retrieval_top1_similarity 0.73 < 0.74,[],
1347556,,when is the next amazon sale ????,,,general_complaint_other,0.9,"""We haven't made any announcement yet. Please stay tuned for more updates on the upcoming sales!""",auto,confidence 0.90 >= 0.9 and similarity 0.82 >= 0.74,[],
901515,,I’m so mad at right now. <URL>,,,general_complaint_other,0.9,I'm sorry to hear you're upset. Can you share more about what's happening? We're here to help!,escalate,retrieval_top1_similarity 0.72 < 0.74,[],
2305788,,Apparently it was a mistake to order #Battlefront 2 Deluxe from Dont think ill be making that mistake again. Might try and see if its not too late at gamestop,,,general_complaint_other,0.9,"""Hi there, I'm sorry to hear about the mix-up with your #Battlefront 2 Deluxe order. It's unfortunate when things don't go as planned. If you're considering purchasing from GameStop, I hope you find what you're looking for. If you need any further assistance, feel free to reach out!""",escalate,"generated reply failed automated safety validation: [""name used in draft: 'GameStop' (names are banned by policy)""]","[""name used in draft: 'GameStop' (names are banned by policy)""]",
108091,,"Disappointed that I ordered something through Prime, expected to receive today and now had email to say won't be here for up to two more days.",,,delivery_shipping_issue,0.95,"""Hi there! I'm sorry to hear about the delay. Could you please confirm if the delivery date was provided at checkout?""",auto,confidence 0.95 >= 0.9 and similarity 0.82 >= 0.74,[],
1047288,,Shopped on ; no communication from for installation of the product. Will return in 2 days if not assisted.,,,general_complaint_other,0.9,"""We're sorry to hear about your experience. Could you please share more details so we can help resolve this?""",escalate,retrieval_top1_similarity 0.69 < 0.74,[],
546462,,"My local logistics delivery drivers are absolute cowboys and living large with ANOTHER stolen parcel. Why do I pay for this ""service""",,,delivery_shipping_issue,0.95,Hi there. We're sorry to hear about your experience. Could you please provide more details about the incident so we can assist you further?,escalate,retrieval_top1_similarity 0.68 < 0.74,[],
2884240,,"hi, why do you keep taking £1 from my account? One of them been there since 22/11? <URL>",,,billing_subscription_dispute,0.95,"""Hello! We're sorry to hear about this issue. Can you tell us more about the charges you're seeing without sharing any personal account details?""",escalate,"high-risk intent 'billing_subscription_dispute': requires human for account/money/trust action, regardless of confidence",[],
2638482,,"i am gonna start legal fight with amazon india and after to reaching india sending notic to amazon ceo, as well as amazon india.my id is __email__...............................account phone no-<PHONE>",,,general_complaint_other,0.9,I'm sorry to hear about your situation. Please provide more details so we can assist you better.,auto,confidence 0.90 >= 0.9 and similarity 0.77 >= 0.74,[],
2431177,,i have been sent a presale link 4 michael buble but its for the and i would like to go to ireland can you help please??,,,general_complaint_other,0.9,"""Hi there! I'm glad to hear you're excited about Michael Buble's concert. For Ireland tickets, you'll need to select your preferred seating during the pre-sale process. If you're having trouble, please let me know so I can assist further!""",escalate,retrieval_top1_similarity 0.65 < 0.74,[],
1091315,,Whats the point of getting 2 day shipping if its not gonna get here till next fuckin week?!?!?! WTF,,,delivery_shipping_issue,0.95,"""Hello, I understand your frustration. Two-Day Shipping refers to the transit time, in business days, once an item is shipped. Orders shipping over a weekend can extend your wait.""",auto,confidence 0.95 >= 0.9 and similarity 0.86 >= 0.74,[],
2391837,,ord no:<PHONE> my sis purchased it wantd 2 return. PFA img this is hw I got it. Filed claim no response frm seller 1/n <URL>,,,refund_return_dispute,0.9,"""Please don’t provide your order details as it is personal information. Our Twitter page is visible to the public. (2/2)""",escalate,"high-risk intent 'refund_return_dispute': requires human for account/money/trust action, regardless of confidence",[],
1439437,,"Hi , I have pre-ordered One X through Amazon Germany. Will I get the same goodies (game codes) like all? Just curious",,,general_complaint_other,0.9,"""Hi there, please check the site periodically to see if the same goodies will be available for your preorder.""",escalate,retrieval_top1_similarity 0.73 < 0.74,[],
206777,,bizarre! delivered the wrong item. insist we arrange return & not be refunded for a week?! 35mins on phone,,,delivery_shipping_issue,0.95,"""I'm sorry for the mix-up. We'll make sure to sort out the return for you promptly. Can you please provide the order number so we can assist you further?""",auto,confidence 0.95 >= 0.9 and similarity 0.75 >= 0.74,[],
46513,,When is episode 5 of Lethal Weapon Season 2 dropping? #lethalweapon #amazonprime,,,positive_feedback,0.9,"""We haven't made any announcement on the same yet. Stay tuned on Prime Video for upcoming updates.""",escalate,retrieval_top1_similarity 0.61 < 0.74,[],
354627,,to the hell with you guys it’s not a matter of 500 rs it’s just brand like amazon have bots who are replying the same thing again,,,general_complaint_other,0.9,"""We understand your frustration and apologize for any inconvenience caused. We continuously work to improve our customer service. Thank you for bringing this to our attention.""",auto,confidence 0.90 >= 0.9 and similarity 0.75 >= 0.74,[],
259944,,"Apple Inc device ,IMEI no:__credit_card__ is not working. Got it through Amazon on 2oth September. Damages? Apple or Amazon?",,,digital_service_device_support,0.9,"""Please don’t provide your account details, we consider them to be personal info. Our Twitter page is visible to the public. 2/2""",escalate,generated reply failed automated safety validation: ['near-verbatim: 90% token overlap with top-1 retrieved reply'],['near-verbatim: 90% token overlap with top-1 retrieved reply'],
932281,,how do I remove these old magazines I ‘borrowed’ from my devices? VERY annoying! <URL>,,,general_complaint_other,0.9,"""Hello! You can remove unwanted items from your device by accessing the 'My Library' section and selecting the magazines to delete. If you're using a Kindle device, you can simply tap and hold the magazine cover to see the delete option. If you're using a Kindle app on your computer, you can right-click the magazine and select 'Remove from device'. Enjoy a clutter-free reading experience!""",escalate,retrieval_top1_similarity 0.72 < 0.74,[],
739055,,how does one get to speak to a human being these days now that your phone number is no longer valid? Website not solving issues..,,,general_complaint_other,0.9,"""Please visit our contact page and select 'Speak to an agent' option. We'll connect you with a representative as soon as possible.""",escalate,retrieval_top1_similarity 0.72 < 0.74,[],
332389,,#Amazon Amazon India Thanks to start selling such type of useful gadgets. Thanks... <URL>,,,positive_feedback,0.9,"Hi there! We're thrilled to hear you're finding our selection of useful gadgets to your liking. We're always working to improve our offerings, and your feedback is invaluable to us. Thank you for your support!",auto,confidence 0.90 >= 0.9 and similarity 0.77 >= 0.74,[],
420263,,ordered this <URL> for my injury. Got as an image. Arrogance CS. Horrible experience <URL>,,,general_complaint_other,0.9,"""Hi there! I'm really sorry to hear about your experience. Could you please share more details so we can help resolve this?""",escalate,retrieval_top1_similarity 0.66 < 0.74,[],
307303,,Me waiting for my prime package only to find out it was never going to show up <URL>,,,delivery_shipping_issue,0.95,"""We're sorry to hear about this issue. Can you confirm if the delivery address is correct? If there's an issue, we'll work to resolve it promptly.""",auto,confidence 0.95 >= 0.9 and similarity 0.79 >= 0.74,[],
2369692,,I still cannot claim my Hearthstone loot. I keep getting told that my Blizzard account has already claimed it. It hasn't. Blizzard referred me to Amazon. Amazon referred me to Blizzard. WTF?!,,,general_complaint_other,0.9,"""Hello, I'm sorry to hear about this confusion. Can you please provide more details about the issue?""",escalate,retrieval_top1_similarity 0.68 < 0.74,[],
2278685,,It's not worth #Prime when they guarantee delivery and #failed multiple times - even now a delay after another guarantee! might as well go to or <URL>,,,delivery_shipping_issue,0.9,"""We apologize for the inconvenience. Could you please share more details about your order and the issues faced? We're here to help.""",auto,confidence 0.90 >= 0.9 and similarity 0.82 >= 0.74,[],
1728607,fraud_keyword,it’s a fraud Amazon I have not taken the delivery already notified your call centre <URL>,,,general_complaint_other,0.9,We've flagged this for immediate review by our security team.,escalate,security/fraud keyword match,[],
1260149,fraud_keyword,"- please confirm- fake email/phishing #scam? Definitely haven't signed up for prime and ""amazon"" email address very dodgy! #Amazon <URL>",,,digital_service_device_support,0.9,We've flagged this for immediate review by our security team.,escalate,security/fraud keyword match,[],
2523373,fraud_keyword,Someone entered my home without permission and left an package behind. Just got off the phone with the police to report the b&e and suspicious package.,,,delivery_shipping_issue,0.9,We've flagged this for immediate review by our security team.,escalate,security/fraud keyword match,[],
362035,fraud_keyword,wtf amazon 1 day I made an order with French amazon I'm getting phishing email with my partial credit card details!!,,,digital_service_device_support,0.9,We've flagged this for immediate review by our security team.,escalate,security/fraud keyword match,[],
91244,fraud_keyword,Amazon Selling Fake Bose Speakers in India #Not offering Replacement #Fake Discount @ Amazon Scam in India #Poor CX #,,,marketplace_seller_trust,0.95,We've flagged this for immediate review by our security team.,escalate,security/fraud keyword match,[],
441891,fraud_keyword,"#Fake_promises #Liar #fraud #Cheating #42inch tv ki 40"" paisa #khaya #Hsrrasing with #replacement #Irritating_Service <URL>",,,general_complaint_other,0.95,We've flagged this for immediate review by our security team.,escalate,security/fraud keyword match,[],
2810756,fraud_keyword,Hey I ordered for a bluetooth speaker and received a mobile phone cover instead. What I considered as a myth turned out to be a reality. #Fraud,,,marketplace_seller_trust,0.95,We've flagged this for immediate review by our security team.,escalate,security/fraud keyword match,[],
786507,fraud_keyword,Icing on the cake-delivery was refused. where are the 20 requests to deliver?False&fraud. <URL>,,,delivery_shipping_issue,0.95,We've flagged this for immediate review by our security team.,escalate,security/fraud keyword match,[],
63826,fraud_keyword,Hi order number is <PHONE> ordered wallet yesterday but there is no wallet in it . Got empty box . See to it asap . This is a fraud happening and you will loose a valuable customer now registered number <PHONE> <URL>,,,delivery_shipping_issue,0.95,We've flagged this for immediate review by our security team.,escalate,security/fraud keyword match,[],
2725938,fraud_keyword,"I received a confirmation email from Amazon UK confirming a purchase, but I live in the US and did not purchase anything in the UK. How can I forward this email to customer service? Looks legit and not a phishing email.",,,general_complaint_other,0.9,We've flagged this for immediate review by our security team.,escalate,security/fraud keyword match,[],
1013071,near_verbatim_stress,Any update on when #suits season 7 is coming to ?,,,general_complaint_other,0.9,"""We do not have an update on this. However, we'll continue to add new content. I'll share your preference internally to the concerned team. Stay tuned.""",auto,confidence 0.90 >= 0.9 and similarity 0.76 >= 0.74,[],
990687,near_verbatim_stress,when are you adding suits season 7?,,,general_complaint_other,0.9,"""We will let you know when these episodes are back. We’re really sorry for the inconvenience caused. (2/2)""",escalate,generated reply failed automated safety validation: ['near-verbatim: 94% token overlap with top-1 retrieved reply'],['near-verbatim: 94% token overlap with top-1 retrieved reply'],
471560,near_verbatim_stress,#AmazonRechargesQuiz where are result.,,,general_complaint_other,0.9,"""We're working on announcing the winners soon. Please stay tuned.""",auto,confidence 0.90 >= 0.9 and similarity 0.90 >= 0.74,[],
327609,pay_for_vocab_overlap,When you pay for Express Delivery on something from and it doesn't even turn up.!!! Absolute joke.!!! 😡😡,,,delivery_shipping_issue,0.95,"""I'm sorry to hear about this issue. Could you please provide the order number so we can look into it further? Our team is here to help!""",auto,confidence 0.95 >= 0.9 and similarity 0.75 >= 0.74,[],
1290427,pay_for_vocab_overlap,what is happening with your same day delivery. Yet again my order hasn’t been delivered or dispatched. What am I paying for???????,,,delivery_shipping_issue,0.95,"""We're sorry to hear about this inconvenience. Could you please confirm the delivery date you were given in the confirmation email? It's possible there may have been a miscommunication or a delay. We're here to help sort this out.""",auto,confidence 0.95 >= 0.9 and similarity 0.80 >= 0.74,[],
2610733,pay_for_vocab_overlap,what a joke! Pay for prime for next day delivery. 3 days later still no order. And last 4 emails from them are auto response with nobody answering my questions!,,,delivery_shipping_issue,0.95,I'm sorry to hear about the inconvenience you've experienced. We aim to provide timely service. Could you please let us know if you received any order confirmation or updates from us?,auto,confidence 0.95 >= 0.9 and similarity 0.82 >= 0.74,[],
2590679,pay_for_vocab_overlap,SECOND time this week I haven’t got my delivery on time despite paying for amazon prime since inception #angry,,,delivery_shipping_issue,0.95,"Hi there, I'm sorry to hear about the delay. We always aim for timely deliveries and I apologize for this inconvenience. Please let us know if your order doesn't arrive by the updated delivery date.",auto,confidence 0.95 >= 0.9 and similarity 0.75 >= 0.74,[],
337421,pay_for_vocab_overlap,SERIOUSLY why do I pay for prime when nothing EVER comes in 2 days?!?! 😩,,,delivery_shipping_issue,0.95,"I understand your frustration and we're here to help. Prime offers expedited shipping, but sometimes delays can occur due to unforeseen circumstances.",auto,confidence 0.95 >= 0.9 and similarity 0.83 >= 0.74,[],
2736181,pay_for_vocab_overlap,is taking the literal piss. Paid for one day delivery to still be sat waiting for my parcel 3 days later 🤔,,,delivery_shipping_issue,0.95,"I'm so sorry for the delay, Alex. Could you please confirm the delivery date from your order confirmation email? Have you received any delivery updates via email?",auto,confidence 0.95 >= 0.9 and similarity 0.77 >= 0.74,[],
2919904,pay_for_vocab_overlap,what’s going on in Miami regarding no deliveries? Isn’t that what I pay for? 2/hr delivery?,,,delivery_shipping_issue,0.9,"""We apologize for the inconvenience. During peak times, delivery times may be affected. You can check the expected delivery time during checkout.""",escalate,retrieval_top1_similarity 0.70 < 0.74,[],
723681,pay_for_vocab_overlap,"Why is my Amazon prime shipping not 2 days anymore? I have to wait more than a week for my items to get here. I pay for this, wth!?",,,delivery_shipping_issue,0.9,"""We're sorry to hear about the delay. Two-Day Shipping means the delivery time after your order has been shipped. Could you please check if the delivery date was correctly stated in your order confirmation?""",auto,confidence 0.90 >= 0.9 and similarity 0.84 >= 0.74,[],
792043,pay_for_vocab_overlap,Phone booked & paid for on 4th Oct. No delivery yet! Cust Care keeps giving false promises. Sort this out. Can't keep waitin 4ever,,,delivery_shipping_issue,0.95,"""We apologize for the inconvenience. Please wait for the updated delivery estimate. Your patience is greatly appreciated. 2/2""",auto,confidence 0.95 >= 0.9 and similarity 0.75 >= 0.74,[],
2008300,pay_for_vocab_overlap,"why am I paying for Prime if my ""two day free shipping"" takes more than two days....",,,delivery_shipping_issue,0.95,"""Hi there, I understand your concern. Two-Day Shipping refers to the time taken for delivery after your order has been shipped. I apologize for any confusion.""",auto,confidence 0.95 >= 0.9 and similarity 0.84 >= 0.74,[],
121127,low_retrieval_similarity,How can you tell is home? is playing . #Thanksgivingday2017,,,general_complaint_other,0.9,"""Hey there! We're glad you're enjoying your Thanksgiving Day with us! If you're having trouble with the audio, please try restarting your device. If the issue persists, let us know so we can help further. Happy listening!""",escalate,retrieval_top1_similarity 0.53 < 0.74,[],
2289710,low_retrieval_similarity,is a great guy. Truely but isn't trustworthy.,,,general_complaint_other,0.9,"Hi there! We're sorry to hear about your experience. We aim to provide the best service possible. If you'd like, we can connect you with a different representative to assist you further.",escalate,retrieval_top1_similarity 0.55 < 0.74,[],
2399407,low_retrieval_similarity,I think are now mocking me. “Have you taken Medicine?” <URL>,,,general_complaint_other,0.9,"Hi there! We're sorry to hear you're not feeling well. It's important to take care of your health. If you're not sure about your medication, please consult with a healthcare professional.",escalate,retrieval_top1_similarity 0.59 < 0.74,[],
1239489,low_retrieval_similarity,Ordering from has become less about getting new food and more about getting rid of all these freezer totes.,,,general_complaint_other,0.9,"""We're sorry to hear about your experience with Amazon. Could you share more details so we can assist you better?""",escalate,retrieval_top1_similarity 0.60 < 0.74,[],
2437732,low_retrieval_similarity,"What the what ? Anther ""undeliverable"" ? Really? The Vikings are playing. Where else would we be but home? Just buzz. We're here.",,,general_complaint_other,0.9,"""I'm sorry to hear about the mix-up, Alex! Let's get this sorted. Could you please confirm the delivery address for your order?""",escalate,"generated reply failed automated safety validation: [""name used in draft: 'Alex' (names are banned by policy)""]","[""name used in draft: 'Alex' (names are banned by policy)""]",
907482,low_retrieval_similarity,"is seriously STILL cramming eggs in between gallons of milk, with predictable results. Why, , why? <URL>",,,general_complaint_other,0.9,"""Hello, we're sorry to hear about this mix-up. Could you please provide more details about the order so we can assist you better?""",escalate,retrieval_top1_similarity 0.57 < 0.74,[],
931933,low_retrieval_similarity,And I love you,,,positive_feedback,0.9,"""We're touched by your kind words! 😊""",escalate,retrieval_top1_similarity 0.55 < 0.74,[],
1537469,low_retrieval_similarity,"Is it possible to replace a bag with another bag of different size, only option available is same item replacement",,,marketplace_seller_trust,0.9,"Hi there, I understand you're looking for a bag replacement but only the same item is available. Unfortunately, we can't offer a different size.",escalate,"high-risk intent 'marketplace_seller_trust': requires human for account/money/trust action, regardless of confidence",[],
2192530,low_retrieval_similarity,having an absolute nightmare with,,,general_complaint_other,0.9,"""We're sorry to hear you're having a tough time. Could you share more about the issue? We're here to help!""",escalate,retrieval_top1_similarity 0.59 < 0.74,[],
1097848,low_retrieval_similarity,look forward to your partnership with,,,positive_feedback,0.9,"""We're thrilled to hear about your enthusiasm for our partnership, Alex! Your support means a lot to us. We're here to help with any questions or needs you might have. Happy to assist!""",escalate,"generated reply failed automated safety validation: [""name used in draft: 'Alex' (names are banned by policy)""]","[""name used in draft: 'Alex' (names are banned by policy)""]",
1338584,low_retrieval_similarity_backfill,y’all need to control your twitch counter part they crazy,,,general_complaint_other,0.9,"""We're sorry to hear about your experience. We aim to provide the best service possible. Could you share more details so we can assist you better?""",escalate,retrieval_top1_similarity 0.59 < 0.74,[],
1716192,low_retrieval_similarity_backfill,Need more comprehensive commands and command chaining. eg: Switch off Hall Lights in 10 minutes.,,,digital_service_device_support,0.9,"Hi there, I understand you're looking for more advanced voice command options. You can create custom routines in the Alexa app to achieve this. Would you like a step-bys to set this up?",escalate,retrieval_top1_similarity 0.58 < 0.74,[],
1175594,low_retrieval_similarity_backfill,Where can I watch Outlander?,,,positive_feedback,0.9,"""Hi there! We're thrilled to hear you're interested in Outlander. You can stream it on Prime Video. Enjoy your journey through the Highlands and beyond! 🏔️🛸""",escalate,retrieval_top1_similarity 0.59 < 0.74,[],
1251954,low_retrieval_similarity_backfill,The PC app is horrible- takes forever to load and then freeze up right away :( Guess I'll use my phone at my desk -.-,,,digital_service_device_support,0.9,"""Hello, I'm sorry to hear about the issues you're experiencing with the PC app. Could you please let us know which device and operating system you're using? This will help us provide more specific guidance. Meanwhile, you might want to try clearing the cache or reinstalling the app. Thank you for your feedback!""",escalate,retrieval_top1_similarity 0.60 < 0.74,[],
1735634,low_retrieval_similarity_backfill,ok where is the Blackpool link for presale Gary Barlow it's vanished . ?????,,,general_complaint_other,0.9,"Hi, I'm sorry to hear you're having trouble finding the presale link for Gary Barlow. Let's try to resolve this together. Have you checked the official website or social media for the most recent updates?",escalate,retrieval_top1_similarity 0.60 < 0.74,[],
174505,low_retrieval_similarity_backfill,hello guys I wanto ask you when I order a magazine what does single issue mean? a simple issue of the magazine,,,general_complaint_other,0.9,"""Hi there! A single issue typically refers to one copy of a magazine. If you're looking for more information on the specifics, feel free to reach out to the seller for clarification.""",escalate,retrieval_top1_similarity 0.57 < 0.74,[],
122763,low_retrieval_similarity_backfill,Hey ! To quote He-Who-Must-Not-Be-Named: ‘Bad!’ #Sustainability <URL>,,,general_complaint_other,0.9,"""We're sorry to hear about your concerns. Could you please share more details so we can address this issue appropriately?""",escalate,retrieval_top1_similarity 0.56 < 0.74,[],
