customer_tweet_id,relevance_score,relevance_rationale,groundedness_score,groundedness_rationale,tone_match_score,tone_match_rationale,no_hallucinated_specifics_score,no_hallucinated_specifics_rationale,actionability_score,actionability_rationale
816127,3,The reply acknowledges the customer's issue with Amazon Prime Video but does not directly address the request for a specific movie.,3,"The reply makes no mention of order numbers, ship dates, refund amounts, or tracking numbers, which is appropriate for this generic reply.",4,"The tone is warm and professional, fitting for a support reply.",4,"No fabricated claims or promises are made, maintaining credibility.",2,The reply does not provide clear next steps or specific actions for the customer.
1273380,1,The reply fails to address the customer's concern about the product issue.,1,The reply does not reference any specific order or policy details.,3,The tone is friendly but lacks professional warmth and fails to match the typical brand voice.,1,"The reply makes no specific claims about policies or timelines, avoiding hallucinated specifics.",1,The reply does not provide clear next steps for the customer.
361390,2,The reply fails to address the customer's request for the Vikings series availability.,5,The reply does not make any account-specific claims or fabrications.,3,The reply reads professional but lacks the warmth typically found in brand support communication.,5,The reply avoids any fabricated claims or promises.,2,The reply acknowledges the issue but does not clearly state what will happen next.
1423476,3,The reply acknowledges the issue but does not address the specific request for a return.,5,The reply does not make any false claims or invent facts.,3,The reply is polite but lacks the warmth of a personalized support message.,5,The reply makes no false claims or promises.,2,The reply does not specify what will happen next.
651498,5,The reply directly addresses the customer's concern about the return process.,5,The reply does not include any invented order numbers or specific details.,5,The reply maintains a professional and empathetic tone appropriate for customer support.,5,The reply makes no false claims about policies or timelines.,5,The reply clearly instructs the customer to provide an order number and return address and assures prompt pick-up.
2314261,3,The reply acknowledges the customer's dissatisfaction but doesn't address the specifics of the service issue.,5,"The reply avoids mentioning any order numbers, ship dates, or other account-specific details.",4,The reply is warm and professional but lacks a personal touch.,5,No fabricated claims or promises are made in the reply.,2,The reply asks for more details but does not provide clear next steps for resolution.
330903,2,The reply does not address the specific issue of the app repeatedly telling the user the password is wrong.,3,"The reply avoids mentioning order numbers or ship dates, but it fails to provide any account-specific information.",4,"The reply is professional and warm, fitting for a support reply.",4,"No fabricated claims are made, but it fails to mention any specific policy or timeline.",3,It tells the customer to reach out for further assistance but does not clearly state what the next steps are.
869858,2,"The reply fails to address the customer's concern about the delayed cash back, instead suggesting a generic check.",3,The reply avoids mentioning specific order numbers or dates but doesn't provide account-specific facts.,4,"The reply reads like a professional response, balancing warmth with a sense of urgency.",4,"No false claims are made, but it doesn't acknowledge the company's specific policy or timeline.",3,The reply offers a vague promise of prompt assistance without a clear next step.
2845498,5,The reply directly addresses the customer's complaint by asking for more details.,5,"The reply does not introduce any specific order numbers, dates, or tracking numbers.",5,"The reply is warm and professional, matching the tone of genuine customer support.",5,The reply makes no fabricated claims or promises.,1,The reply acknowledges the issue but does not provide clear next steps.
2142461,1,The reply does not address the customer's question about the purpose of banking fees.,5,The reply does not introduce any account-specific facts.,4,The reply is professional but lacks a warm tone.,5,The reply makes no fabricated claims.,2,The reply asks for more information but does not provide clear next steps.
2691739,5,"The reply directly acknowledges the customer's positive experience, which is relevant to the support message.",5,The reply avoids inventing any specific details and is generic enough to apply to any customer.,5,"The reply maintains a warm and professional tone, matching the tone of a genuine brand support reply.",5,"The reply does not make any fabricated claims or promises, staying true to the generic nature of the response.",2,The reply acknowledges the issue but does not provide any specific next steps or actions for the customer.
303518,1,"The reply fails to address the customer's concern about the email change, instead mentioning a security review.",5,The reply appropriately avoids mentioning specific details not provided by the customer.,3,The reply is professional but lacks the warmth typically associated with customer support.,5,The reply does not make any fabricated claims about policies or timelines.,1,The reply does not provide any clear next steps for the customer.
2394509,1,The reply does not address the customer's request to add 'Thor Ragnarok' to Amazon Prime Video.,5,"The reply avoids mentioning any specific order numbers, ship dates, refund amounts, or tracking numbers.",3,The reply maintains a professional tone but lacks warmth and personalization.,5,The reply makes no fabricated claims or promises.,1,The reply does not provide clear next steps or actions for the customer.
439142,3,The reply addresses the customer's concern about email issues but does not specifically acknowledge the missing order confirmation and verification emails.,5,The reply does not invent any account-specific facts.,4,"The reply reads professional and somewhat warm, but it could be warmer to match the tone of genuine support.",5,The reply does not make any fabricated claims.,3,The reply provides clear next steps but does not ensure resolution of the customer's specific issue.
1479477,1,The reply fails to address the customer's issue of no refund for a completed return.,1,"The reply invents a policy of not sharing order details on Twitter, which is not mentioned in the customer's message.",2,"The reply's tone is not warm nor professional, lacking empathy for the customer's frustration.",1,The reply fabricates a specific Twitter policy that was never mentioned by the brand.,1,The reply does not provide clear next steps for the customer to take regarding the refund issue.
147350,5,The reply directly addresses the customer's complaint about poor service and the delayed refund.,5,"The reply avoids mentioning any specific order numbers, dates, or tracking numbers.",4,"The tone is professional and acknowledges the urgency of the matter, but it lacks a personal touch.",5,The reply does not make any fabricated claims or promises.,3,The reply indicates that the matter will be reviewed but does not specify what the customer can expect next.
575428,5,The reply directly addresses the customer's concern about the damaged book and the promised next day delivery.,4,The reply avoids specifics like order numbers but lacks mention of tracking or shipment details.,5,"The tone is both professional and empathetic, fitting for a support reply.",4,"No fabricated claims are made, but there's no mention of the actual policy for damaged goods.",5,"The reply clearly states that a replacement will be sent, providing a clear next step."
2126222,5,The reply directly addresses the customer's Kindle CS experience.,5,The reply does not introduce any specific account details.,5,The reply maintains a professional and empathetic tone.,5,No false claims or promises are made in the reply.,3,The reply asks for more details but does not provide clear next steps.
2499204,5,The reply directly addresses the customer's concern about account access.,5,The reply does not invent any account-specific details.,5,The reply maintains a warm but professional tone.,5,The reply does not make any fabricated claims.,5,The reply provides a clear next step for the customer to try and reset the password.
2558527,2,The reply does not address the customer's complaint about packaging and product condition.,3,The reply asks for purchase location but does not acknowledge the specific issue of damaged books.,4,"The reply is professional and empathetic, fitting for a support reply.",5,The reply does not make any fabricated claims or promises.,1,The reply fails to provide clear next steps for resolving the customer's issue.
318279,5,The reply accurately addresses the customer's request to duplicate an Amazon List for multiple families.,5,The reply provides a plausible method for duplicating the list without mentioning any non-existent order numbers or dates.,5,The reply maintains a professional and warm tone consistent with typical Amazon support communication.,5,The reply does not include any fabricated claims or specifics that were not part of the customer's original message.,5,"The reply clearly outlines the next steps for the customer to take, offering further assistance if needed."
1546352,1,The reply fails to address the customer's request for talking with an executive.,5,The reply does not invent any account-specific facts.,3,The reply reads like a generic response rather than a warm and professional brand support reply.,5,The reply avoids fabricated claims and does not make any unrealistic promises.,1,The reply does not tell the customer what happens next.
2769804,2,The reply does not address the customer's specific issue with the app.,3,The reply avoids mentioning specific order numbers or tracking numbers.,4,"The reply reads professional and warm, fitting for a support reply.",3,The reply does not make any fabricated claims about specific policies or timelines.,2,The reply suggests a generic troubleshooting step without telling the customer what happens next.
2697190,5,The agent's question directly addresses the customer's concern about gift card contents.,5,The agent's response does not introduce any specific details not provided by the customer.,5,"The tone is professional, empathetic, and appropriate for customer support.",5,No false claims or promises are made in the agent's response.,3,The agent seeks more information but does not clearly state the next steps.
582617,5,The reply directly addresses the customer's concern about the unlimited music subscription cancellation.,5,"The reply avoids mentioning any account-specific details, respecting the customer's privacy.",4,The reply is professional and empathetic but lacks a warmer tone.,5,The reply makes no false claims about policies or timelines.,3,The reply asks for more information but does not clearly state the next steps.
1274987,3,The reply acknowledges the customer's interest in the presale but fails to address the specific query about the priority code.,5,"The reply avoids mentioning any order numbers, ship dates, or tracking numbers, adhering to groundedness.",4,The reply maintains a warm and professional tone appropriate for customer support.,5,No fabricated claims or policies are made in the reply.,3,"While it offers assistance, it does not clearly state what happens next regarding the priority code."
2919873,3,The reply asks for more details but does not address the customer's concern about packaging quality directly.,5,"The reply does not make any account-specific references, which is appropriate for this generic response.",4,"The tone is friendly and professional, but it could be more personalized to the customer's issue.",5,The reply makes no fabricated claims or promises.,3,"While it acknowledges the issue, it does not clearly state what the next steps are."
1232179,1,"The reply fails to address the customer's issue with the product, instead offering generic praise.",5,"The reply avoids any specific order or shipment details, which aligns with the groundedness criteria.",4,"The reply is professional and warm, but it could be more personalized to match the brand's voice.",5,The reply does not make any fabricated claims or promises.,2,The reply acknowledges the issue but does not provide clear next steps for resolution.
2387968,5,The reply directly addresses the customer's concern about the delayed refund.,5,The reply asks for specific information about the return process that the customer should have already provided.,5,The reply maintains a professional and supportive tone appropriate for customer service.,5,The reply does not make any unsubstantiated claims or promises.,4,The reply provides clear next steps by requesting confirmation of the return process but does not outline a specific timeline for the refund.
483721,5,The reply directly addresses the customer's question about Amazon's refund policy for price drops.,5,The reply accurately describes Amazon's pricing policy without fabricating any details.,4,"The reply is professional and informative, but could be slightly warmer to better match a supportive brand tone.",5,The reply avoids making any false claims about Amazon's policies or timelines.,3,The reply provides information but lacks clear next steps for the customer.
758933,4,"The reply addresses the customer's inquiry about contacting Amazon via email and changing a game to digital, but it does not explicitly confirm if the PS4 game can be changed to digital before shipping.",5,The reply does not make any account-specific claims or fabrications.,4,"The reply is professional and warm, but slightly generic, lacking a personal touch.",5,The reply avoids any hallucinated specifics and does not make unsubstantiated claims.,3,The reply provides clear next steps but does not confirm the possibility of changing the game to digital before shipping.
2766316,5,The reply directly addresses the customer's concern about the pin code change.,5,The reply does not invent any account-specific facts.,4,The reply is professional and warm but could be slightly more personalized.,5,The reply makes no fabricated claims.,3,The reply acknowledges the issue but does not specify when the pin code will be updated.
463375,3,The reply acknowledges the customer's frustration but does not address the specific issues of delayed delivery and lack of support.,2,"The reply fails to mention any order-specific details, which makes it less credible.",3,The reply is professional but lacks the warmth and empathy that would match the tone of a genuine brand support reply.,2,The reply makes generic promises without grounding them in any specific policy or timeline.,3,The reply offers to connect the customer with a service agent but does not provide clear next steps or confirmations.
53499,2,The reply does not address the customer's concern about watching prime content on mobile devices.,3,The reply provides a generic troubleshooting step without referencing any specific policy or order.,3,The reply is professional but lacks a personalized touch.,3,"The reply avoids making any specific claims about the service, but it does not clarify if there is a policy or timeline for resolution.",4,The reply includes clear next steps for the customer to try before seeking further help.
374771,3,The reply addresses the customer's concern about the Qi charger but does not directly confirm if the metal card is the issue.,5,The reply does not invent any account-specific facts.,4,"The reply is professional and warm, but slightly generic.",5,The reply makes no fabricated claims.,3,The reply suggests an action but does not clearly state what will happen next.
1876743,5,The reply directly addresses the customer's concern about the pending delivery date.,5,"The reply avoids mentioning any specific order numbers or dates, adhering to the no_hallucinated_specifics guideline.",4,"The reply maintains a professional and apologetic tone, but could be warmer to better match a genuine support reply.",5,"The reply does not make any fabricated claims or promises, adhering strictly to the no_hallucinated_specifics guideline.",4,"While the reply provides an action for the customer to check details, it lacks specific next steps or a direct timeline for resolution."
2514679,4,The reply addresses the customer's concern about the return process but doesn't directly acknowledge the issue of not hearing back or receiving a refund.,5,"The reply avoids mentioning any specific order numbers, ship dates, or tracking numbers, which aligns with groundedness.",4,"The reply reads like a genuine customer support reply, but it could be warmer to match the tone of a real brand.",5,The reply does not make any fabricated claims or promises.,3,"While it asks for confirmation, it doesn't clearly state what happens next or what steps will be taken to resolve the issue."
2638491,5,The reply directly addresses the customer's request for a 'Gifting' option to maintain privacy.,5,"The reply does not fabricate any specific order numbers, ship dates, or tracking numbers.",5,"The reply maintains a warm and professional tone, appropriate for customer support.",5,The reply makes no false claims about company policies or timelines.,3,"While the reply acknowledges the suggestion, it does not clearly outline what will happen next."
2835636,1,The reply fails to address the customer's query about price matching for products bought within a short time frame.,5,The reply accurately reflects the brand's policy without fabricating any specifics.,3,The reply is professional but lacks a warm and personalized tone.,5,The reply avoids making any false claims about the brand's policies.,1,The reply does not offer any clear next steps for the customer.
2864737,2,The reply addresses the urgency of the security issue but fails to directly acknowledge the customer's request for a solution.,4,The reply appropriately references the security team without making up any specific details.,3,The response is professional but lacks the warmth typically found in customer support replies.,5,The reply contains no fabricated claims or policies.,1,The reply does not provide clear next steps for the customer.
1004520,5,The reply directly addresses the customer's concern about the unresponsive claim process and lack of refund.,5,The reply appropriately avoids mentioning any order-specific details.,5,The reply maintains a professional and empathetic tone.,5,The reply does not make any unsubstantiated claims about policies or timelines.,3,The reply asks for more details but does not clearly state the next steps for resolution.
2081546,2,The reply fails to address the customer's specific issue with communication and order replacement.,5,The reply avoids mentioning any order-specific details or policies.,3,The reply's tone is professional but lacks the personal touch expected from a brand support reply.,5,The reply makes no false claims or promises.,2,The reply does not provide clear next steps for the customer.
2765001,3,The reply acknowledges the urgency concern but does not directly address the specific issue of next-day delivery.,2,The reply makes a generic statement without grounding in any specific order details.,3,"The reply is professional but lacks a warm, empathetic tone.",2,The reply does not mention any specific policy or timeline for resolving the issue.,3,The reply provides a course of action but lacks specificity on what happens next.
2630088,5,The reply directly addresses the customer's question about the applicability of the 8k CB offer.,5,The reply does not introduce any fabricated facts or policies.,4,The reply is professional and warm but slightly generic.,5,The reply makes no false claims or promises.,2,The reply acknowledges the question but does not provide clear next steps for the customer.
1091665,1,The reply fails to address the customer's specific complaint about late delivery.,1,The reply makes a generic apology without acknowledging the specific issue of late delivery.,2,The reply reads impersonal and fails to match the tone of a genuine brand support reply.,2,The reply makes no mention of any specific policy or timeline that could have been misrepresented.,1,The reply does not provide clear next steps or actions to resolve the customer's issue.
2288005,3,The reply acknowledges the customer's dissatisfaction but fails to address the specific issue of switching from Amazon to Flipkart.,5,"The reply does not make any account-specific references, staying true to the generic nature of a support reply.",4,"The reply is professional and warm, fitting the tone of a support reply, but it lacks a personal touch.",5,The reply makes no false claims or fabricated specifics about policies or timelines.,2,"While the reply seeks to gather more information, it does not provide clear next steps for the customer."
1190855,5,The reply directly addresses the customer's concern about account hacking.,5,The reply does not make any unsubstantiated claims or reference non-existent policies.,5,"The reply is professional, empathetic, and appropriate for a customer support interaction.",5,The reply does not mention any specifics that were not in the customer's original message.,4,The reply indicates that the issue will be reviewed but does not specify the next steps for the customer.
2152750,5,The reply directly acknowledges the customer's gratitude for the Diwali delivery.,5,"The reply avoids any mention of specific order details, dates, or tracking numbers.",5,The reply maintains a warm and professional tone consistent with genuine customer support communication.,5,The reply makes no fabricated claims or promises.,1,The reply does not provide any clear next steps or follow-up actions for the customer.
224406,5,The reply directly addresses the customer's concern about the version received and seeks clarification to better assist with the refund.,5,"The reply does not invent any specific order numbers, dates, or tracking numbers.",5,"The reply is warm yet professional, fitting for a support reply.",5,No fabricated claims or promises are made.,4,The reply acknowledges the issue and seeks further information but does not clearly state the refund process.
1474635,3,The reply acknowledges the issue but does not directly address the customer's decision to cancel their membership.,5,The reply avoids mentioning any specific order or delivery details.,4,"The reply is empathetic and professional, but could be warmer to match the tone of the customer's tweet.",5,The reply makes no fabricated claims about company policies or delivery guarantees.,2,The reply offers to assist but does not clearly state what actions will be taken next.
133593,1,"The reply does not address the customer's concern about the website being down, instead offering general troubleshooting advice.",3,The reply avoids specific account details but does not provide any account-specific information.,4,The reply reads like a professional support reply with a warm tone.,4,The reply does not make any fabricated claims or promises.,2,The reply provides limited next steps but does not clearly outline what will happen if the customer follows the suggested actions.
1297926,5,The reply directly addresses the customer's concern about the Bjork album.,5,The reply does not make any unsubstantiated claims about policies or specifics.,4,"The tone is professional and empathetic, though it could be slightly warmer to match the emotional tone of the customer.",5,The reply does not include any fabricated details.,3,"While it acknowledges the issue, it does not provide clear next steps for resolution."
2300798,4,The reply addresses the customer's search issue but lacks a direct acknowledgment of the specific problem.,5,The reply does not make any account-specific references.,4,The reply is professional but lacks a warm tone.,5,The reply avoids any fabricated claims.,3,The reply asks for a screenshot but does not outline a clear next step.
1595280,1,The reply fails to address the customer's concern about the sale price and product MRP.,1,"The reply mentions a 'security team,' which is irrelevant to the customer's complaint about pricing.",3,The tone is professional but lacks warmth and empathy expected in customer support.,1,"The reply introduces a 'security team,' which is not a plausible response to the customer's issue.",1,The reply does not provide any clear next steps for the customer.
1427953,5,The reply directly addresses the customer's complaint and asks for specific information to proceed.,5,The reply does not make any unsubstantiated claims or mention non-existent policies.,5,"The tone is professional and empathetic, reflecting a genuine customer support approach.",5,The reply does not include any fabricated details or promises.,5,The reply clearly instructs the customer to provide order and product details for further assistance.
1485339,1,"The reply does not address the customer's request for a refund, only asking for more details.",5,"The reply avoids mentioning any account-specific information, which is appropriate as none was provided.",3,The reply is professional but lacks the warmth typically associated with customer support.,5,The reply makes no false claims or promises.,1,The reply does not provide any clear next steps for the customer.
726773,5,The reply directly addresses the customer's question about the availability of 'Shop with Points' in India.,5,"The reply avoids mentioning any order numbers, ship dates, refund amounts, or tracking numbers, which aligns with the groundedness criteria.",4,"The reply is professional and warm, fitting the tone expected from a brand support reply, but it could be slightly more engaging.",5,"The reply does not make any fabricated claims or promises, adhering to the no_hallucinated_specifics criteria.",3,"While the reply assures the customer of an update, it does not clearly state what will happen next, leaving the customer uncertain about the actionability."
2230308,3,The reply acknowledges the customer's frustration but doesn't directly address the specific issue of PC downloads.,5,The reply does not introduce any fabricated details.,4,"The tone is professional and empathetic, but somewhat generic.",5,The reply makes no false claims about policies or timelines.,2,The reply asks for more information but fails to provide clear next steps.
2392739,5,The agent reply directly addresses the customer's complaint by asking for more details to understand the issue better.,5,"The reply does not make any specific claims or reference any order details, maintaining neutrality.",5,The reply maintains a professional and empathetic tone appropriate for customer support.,5,The reply avoids making any unsubstantiated claims or promises.,3,"While the reply acknowledges the issue, it does not provide clear next steps or actions for resolution."
1178910,3,The reply addresses the concern about Prime shipping time but doesn's directly acknowledge the customer's dissatisfaction.,5,"The reply avoids mentioning any specific order or shipment details, which aligns with the groundedness criterion.",4,"The tone is professional and empathetic, but could be warmer to better match genuine customer support.",5,The reply does not make any false claims or promises about delivery times.,2,The reply acknowledges the issue but doesn't offer a clear next step for the customer.
1993267,1,The agent's reply fails to address the customer's specific issues of no delivery and refund.,5,"The reply does not make any account-specific references, which is appropriate for a first response.",3,"The reply is polite but lacks a warm, personalized touch that reflects genuine concern.",5,The reply avoids making any fabricated claims or promises.,1,The reply does not provide any clear next steps or actions to resolve the customer's issues.
356745,1,The reply fails to address the customer's issue directly and does not acknowledge the specific order number.,1,The reply does not mention any account-specific details like order numbers or ship dates.,3,The reply is professional but lacks a personal touch that would make it sound more like a genuine brand support reply.,1,"The reply does not fabricate any specific policy, timeline, or promise.",2,The reply advises contacting customer service but does not specify what action will be taken or when.
2849083,4,The reply addresses the customer's concern about the cancellation process but lacks specificity about the issue.,5,The reply avoids inventing any account-specific details.,4,"The reply is professional and empathetic, but could be warmer to match the tone of genuine customer support.",5,The reply makes no fabricated claims or policies.,3,The reply asks for more information but doesn't clearly outline the next steps.
1134050,1,The reply fails to address the customer's specific praise and does not acknowledge the content of their tweet.,5,"The reply does not make any account-specific references, which is appropriate for a generic response.",4,The reply is professional and warm but lacks a personal touch that reflects the customer's positive tone.,5,The reply does not contain any fabricated claims or promises.,1,The reply does not provide clear next steps for the customer.
43700,3,The reply addresses the missed delivery but lacks specificity regarding the customer's issue with no notice.,4,"The reply avoids mentioning any order numbers or specific timelines, which is appropriate for a generic response.",4,"The tone is professional and empathetic, fitting for a support reply.",5,The reply does not make any fabricated claims or promises.,3,The reply asks for availability for delivery but does not clearly state the next steps if the customer is not available.
1107325,2,The reply acknowledges the customer's concern but fails to address the specific issue of movie categorization.,4,The reply avoids inventing any specific details about the customer's order or purchase.,3,The reply maintains a professional tone but lacks the warmth typically found in customer support communications.,5,The reply makes no fabricated claims or promises.,1,The reply does not provide clear next steps for the customer to follow up on the categorization issue.
334903,5,The reply directly addresses the customer's issue with password reset and verification email.,4,The reply provides a practical step (checking spam folder) but lacks specificity about the policy if the email is not found.,5,"The reply maintains a professional and empathetic tone, appropriate for customer support.",3,The reply suggests contacting support without mentioning any specific policy or timeline for resolution.,4,The reply offers clear next steps but could be improved with a direct action or contact method.
2281396,1,The reply fails to address the customer's specific issue with the refund policy.,5,The reply does not make any false claims about the company's policies or practices.,3,"The reply is professional but lacks a warm, personalized touch.",5,The reply does not invent any specifics that were not mentioned by the customer.,2,The reply acknowledges the issue but does not clearly state the next steps for resolution.
2942108,5,The agent acknowledges the specific issue of the damaged parcel and the inconvenience it has caused.,5,The agent's response does not include any fabricated details and directly addresses the customer's complaint.,4,"The agent's tone is professional and empathetic, though slightly less warm than ideal.",5,The agent does not make any unsubstantiated claims or promises.,5,"The agent clearly asks for more details to help resolve the issue, indicating a clear next step."
1173857,5,The agent provides practical troubleshooting advice directly related to the customer's buffering issue.,5,"The reply does not include any account-specific details, maintaining privacy and avoiding fabrication.",5,"The response is professional and empathetic, fitting the tone of a genuine customer support reply.",5,No false claims or unspecified policies are made in the reply.,3,"While the agent offers troubleshooting advice, they do not clearly state what will happen next or provide a definitive solution."
1633233,2,The reply fails to address the customer's excitement about winning the app and instead offers generic well-wishing.,5,"The reply does not make any account-specific claims or references, maintaining groundedness.",4,"The tone is professional and warm, fitting for a customer support reply.",5,No fabricated claims or policies are mentioned in the reply.,3,"While it offers help, it does not specify what actions will be taken next."
1701075,5,The reply directly addresses the customer's issue by requesting the order number.,5,The reply does not make any account-specific claims or references.,5,"The reply is professional and empathetic, matching a typical support response.",5,The reply does not include any fabricated claims or promises.,5,The reply provides clear next steps by asking for the order number.
281364,4,The reply acknowledges the customer's excitement and anticipation for the Echo Dot but doesn't directly address the customer's request for expedited delivery.,5,"The reply avoids mentioning any specific order numbers, ship dates, or tracking numbers.",4,"The tone is warm and professional, but it could be more personalized to the customer's situation.",5,The reply makes no false claims or promises about delivery times or policies.,2,The reply does not provide clear next steps or options for the customer to expedite the delivery.
600288,3,The reply asks for a check on the return period but does not directly address the app's error message.,5,"The reply avoids mentioning any order or return numbers, which is appropriate given the customer's message.",4,The reply is professional and courteous but could be warmer to match the tone of a support reply.,5,The reply does not make any unsubstantiated claims or promises.,3,The reply provides a clear next step but does not offer a solution to the app's issue.
2400094,2,The reply does not address the customer's question about when Season 7 will be available.,5,"The reply avoids mentioning any specific order numbers, ship dates, refund amounts, or tracking numbers.",4,"The reply reads like a real brand support reply, warm but professional.",5,The reply makes no fabricated claims or promises.,1,The reply does not tell the customer what happens next or provide any concrete information on the release date.
465768,3,The reply acknowledges the customer's disappointment but does not directly address the Prime Day discount issue.,5,"The reply does not mention any specific order numbers, ship dates, refund amounts, or tracking numbers.",4,"The tone is professional and warm, fitting for a support reply.",5,The reply does not make any fabricated claims or promises.,3,The reply asks for more details but does not clearly state what will happen next.
432312,5,The reply directly addresses the customer's confusion about the order and offers to help resolve the issue.,5,"The reply does not make any specific claims about policies or timelines, which is appropriate for a first response.",5,"The reply is warm and professional, fitting for a customer service interaction.",5,The reply avoids making any fabricated claims or promises.,5,The reply clearly states the next step is to share more details about the order.
2412580,3,The reply acknowledges the customer's dissatisfaction with the packaging but fails to address the specific complaint about foam rubber.,5,"The reply does not mention any order-specific details, maintaining privacy and avoiding fabrication.",4,"The reply is professional and acknowledges the issue, but lacks the warmth typically found in brand support replies.",5,The reply makes no false claims or promises about changes to packaging.,2,The reply acknowledges the issue but does not provide a clear next step for the customer.
2252842,5,The reply directly addresses the customer's concern about the unconfirmed return.,5,"The reply asks for order number and purchase date, which are necessary for grounding the response.",5,"The tone is both warm and professional, fitting for a quality support reply.",5,The reply does not make any unsubstantiated claims or promises.,4,The reply initiates a process to resolve the issue but stops short of detailing specific next steps.
2512066,1,The reply fails to address the customer's request for a refund directly.,5,The reply does not introduce any account-specific facts.,3,The reply is polite but lacks the warmth typically associated with a brand's customer support.,5,The reply makes no fabricated claims.,2,The reply instructs the customer to share a screenshot but does not clearly state the next steps.
205095,1,The reply fails to address the customer's urgency and the specific promise made about delivery time.,5,The reply does not make any invented facts and sticks to the information provided by the customer.,3,The reply is professional but lacks the warmth expected from a support reply.,5,The reply avoids making any fabricated claims or promises.,1,The reply does not provide any clear next steps or actions to take.
1499739,5,The reply directly addresses the customer's request for assistance.,5,"The reply does not make any account-specific references, maintaining a universal approach.",5,"The reply is professional and warm, fitting for a customer service interaction.",5,"No false claims or policies are made, keeping the reply generic yet plausible.",4,"While it prompts the customer to describe their issue, it lacks specific next steps."
2265611,1,The reply fails to address the customer's complaint and does not offer a solution.,1,The reply avoids mentioning any specific details about the customer's order or the service.,3,"The reply is professional but lacks warmth and empathy, which are important in customer support.",5,The reply does not make any fabricated claims or promises.,1,The reply does not provide any clear next steps or actions for the customer.
2103439,2,The reply acknowledges the customer's interest in classic Hollywood romantic movies but fails to address the specific issue of availability in India.,3,"The reply mentions efforts to expand the library but does not provide any grounded, factual information specific to the customer's query.",4,"The reply reads warm and professional, fitting the tone of a genuine brand support reply.",3,"While the reply avoids hallucinating specifics, it makes vague promises about expanding the library that could mislead the customer.",2,"The reply fails to provide clear next steps for the customer, only promising to keep them updated."
793854,5,The agent directly addresses the customer's concern about the replacement request and acknowledges the need for prompt attention.,4,The reply avoids specific details like order numbers or dates but doesn't provide concrete information on the processing time.,5,The reply maintains a professional and empathetic tone appropriate for customer support.,4,The reply avoids making unsubstantiated claims but lacks specifics on the brand's policies or timelines.,5,"The agent clearly states that the request will be processed and handled promptly, providing a clear next step."
1625482,3,The reply acknowledges the positive experience but does not address the specific praise for customer service.,5,The reply does not contain any invented account-specific facts.,4,"The reply reads professional and warm, fitting for a support reply.",5,The reply makes no fabricated claims.,2,The reply does not provide clear next steps for the customer.
2746017,2,"The reply fails to address the customer's concerns directly, instead asking for more information.",3,"The reply avoids mentioning specifics like order numbers or ship dates, which aligns with groundedness.",3,"The reply's tone is professional, but it lacks the warmth typically associated with brand support.",4,The reply does not make any fabricated claims or promises.,2,The reply does not provide clear next steps for the customer.
468225,2,The reply fails to address the customer's urgency and the specific issue of the delayed refund.,5,The reply does not make any false claims or reference non-existent policies.,3,The reply is professional but lacks empathy and warmth.,5,The reply makes no fabricated claims about policies or timelines.,1,The reply does not provide clear next steps or acknowledge the refund issue.
521710,5,The reply directly addresses the customer's concern about shipping issues.,5,"The reply does not make any specific claims about order numbers, ship dates, or other account-specific details.",5,"The reply is warm and professional, fitting the tone of genuine customer support.",5,The reply makes no fabricated claims or promises.,3,The reply acknowledges the problem but does not provide clear next steps for resolution.
175405,5,The reply directly addresses the customer's complaint by expressing sympathy and a desire to resolve the issue.,5,"The reply does not include any specific details about orders, shipment dates, or policies that are not mentioned by the customer.",5,The reply maintains a professional and empathetic tone that aligns with typical customer support communication.,5,The reply avoids making any unsubstantiated claims or promises.,5,"The reply clearly invites the customer to provide more information, suggesting a path forward for resolution."
2399800,3,The reply acknowledges the issue but does not directly address the customer's question about what happens if items arrive late.,5,"The reply avoids mentioning any order-specific details, which aligns with the groundedness criteria.",4,"The reply is professional and empathetic, fitting a typical brand support tone.",5,The reply does not make any specific claims about policies or timelines that were not mentioned by the customer.,2,The reply suggests further action but does not provide clear next steps for the customer.
230130,5,The reply directly addresses the customer's concern about the delivery date and asks for further details.,5,"The reply avoids mentioning specifics not provided by the customer, such as order numbers or tracking numbers.",5,The reply maintains a professional and empathetic tone appropriate for customer support.,5,The reply does not make any fabricated claims or promises.,3,The reply acknowledges the issue but does not provide a clear next step or solution.
1626657,5,The agent reply directly addresses the customer's concern about Alexa's pronunciation.,5,The agent reply does not introduce any specific account details.,5,"The reply is professional and empathetic, matching a supportive brand voice.",5,The reply makes no false claims about policies or timelines.,3,The agent asks for more details but does not provide clear next steps.
1490216,1,The reply fails to address the customer's specific complaint about a green screen and an issue tagged to a URL.,2,"The reply lacks any mention of order numbers, ship dates, or tracking numbers that could ground the response in the customer's situation.",3,The reply's tone is professional but lacks the warmth typically associated with genuine brand support.,1,"The reply makes no specific claims about policies, timelines, or promises, which could mislead the customer.",2,The reply acknowledges the issue but does not provide clear next steps for the customer.
2747138,5,The reply directly addresses the customer's request for information on how to obtain a refund.,5,"The reply asks for order number and purchase date, which are necessary for processing the refund.",5,"The reply maintains a professional and empathetic tone, appropriate for customer support.",5,The reply does not make any unsubstantiated claims about policies or timelines.,5,The reply clearly instructs the customer to provide order details for further action.
418835,3,The reply addresses the issue of processing time but doesn't directly answer the customer's question about the specific reason for the delay.,5,"The reply avoids mentioning any order numbers, ship dates, refund amounts, or tracking numbers.",4,"The reply reads professional and empathetic, fitting for a brand support reply.",5,The reply does not make any fabricated claims or promises.,2,The reply acknowledges the problem but does not provide clear next steps for the customer.
728499,3,The reply acknowledges the customer's feedback but fails to address the specific issue of mobile exchange availability.,5,"The reply does not introduce any specific order numbers, ship dates, refund amounts, or tracking numbers.",4,"The reply reads professional and empathetic, aligning well with a typical brand support tone.",5,The reply makes no false claims about policies or timelines.,2,The reply does not specify what will happen next or provide clear next steps for the customer.
471576,4,"The reply acknowledges the customer's frustration and offers help, but it doesn't directly address the customer's concern about the Twitter account's effectiveness.",5,"The reply avoids inventing any account-specific details and remains generic, which is appropriate for a first response.",4,"The tone is professional and empathetic, fitting for a customer support reply, but it could be warmer to better match the customer's tone.",5,"The reply does not make any fabricated claims or promises, staying true to the generic nature of the Twitter support account.",3,"While the reply does offer to help, it does not clearly state what the next steps are for the customer."
2319614,3,The reply addresses the concern about the price change but lacks specificity about the customer's order.,2,The reply makes a generic statement about possible time or location differences without mentioning any order-specific details.,3,The reply is professional but lacks the warmth typically associated with genuine customer support.,2,The reply does not make any false claims but fails to provide any specifics about company policies or timelines.,2,The reply does not offer clear next steps or actions for the customer.
975754,1,The reply fails to address the customer's specific issue of being charged for an out-of-stock item.,1,The reply does not acknowledge the company's mistake or offer a specific solution to the problem.,3,The reply is professional but lacks the empathetic tone expected from customer service.,1,"The reply makes no mention of any company policies or actions taken, suggesting a lack of actionable information.",1,The reply does not provide clear next steps for the customer to receive a refund or correct the issue.
1585314,5,The reply directly addresses the customer's concern about the late delivery and confusion.,5,"The reply avoids mentioning any specific order numbers, ship dates, or tracking numbers.",5,"The reply reads like a genuine customer support reply, warm and professional.",5,The reply does not make any fabricated claims or promises.,4,The reply offers to resolve the issue but does not specify the next steps.
1983613,5,The reply directly addresses the customer's concern about a suspicious email.,5,The reply avoids mentioning any specifics not provided by the customer.,5,The reply maintains a professional and reassuring tone appropriate for customer support.,5,The reply does not make any unsubstantiated claims or promises.,5,"The reply clearly states that the matter will be reviewed by the security team, providing clear next steps."
114366,2,The reply acknowledges the issue but fails to address the specific complaint about delivery delays.,5,The reply does not make any false claims or fabricate specifics.,4,The reply is professional and empathetic but could be warmer to match the tone of the customer.,5,The reply makes no false claims or promises.,3,The reply asks for order confirmation details but does not specify what will happen next.
2810726,2,The reply fails to address the customer's request for an update on the Honor 7x launch date.,3,"The reply avoids mentioning specific order numbers or dates, but it does not ground the response in any actual policy or timeline.",4,"The reply reads like a professional support reply with a warm tone, avoiding generic filler.",3,"The reply does not make any fabricated claims, but it also does not provide any specific policy or promise.",2,The reply acknowledges the issue but does not clearly state what will happen next or when the customer can expect an update.
1137747,5,The reply directly addresses the customer's concern about the delayed delivery of their backpack.,5,The reply appropriately requests order and contest entry details without fabricating any specifics.,5,"The tone is professional and empathetic, fitting for a customer support reply.",5,No false claims or policy promises are made; the reply is focused on resolving the issue.,5,The reply clearly asks for order and contest entry details to investigate the delivery delay.
205985,5,The reply directly addresses the customer's request for information about the refund process.,5,The reply avoids mentioning any account-specific details not provided by the customer.,5,The reply maintains a professional and supportive tone.,5,The reply refrains from making any fabricated claims about policies or timelines.,4,"The reply instructs the customer to provide the order ID and purchase details, which is a step towards resolving the issue."
1290403,1,The reply fails to address the customer's specific issue with adding a device to a smart home group.,5,The reply does not make any unsubstantiated claims or fabricate company policies.,3,The reply is professional but lacks warmth and personalization.,5,The reply avoids making any false claims about features or timelines.,1,The reply does not provide clear next steps or immediate actions for the customer.
1012292,5,The reply addresses the customer's specific issue with the wrong product.,5,The reply does not include any non-existent order details or policies.,4,"The tone is professional and empathetic, but slightly less warm than ideal.",5,The reply does not make any fabricated claims or promises.,5,The reply clearly instructs the customer to provide the order number for further action.
2170957,3,The reply partially addresses the customer's issue by asking about device compatibility but doesn't offer a solution or acknowledge the specific problem with the UI and mobile sites.,5,"The reply doesn't introduce any account-specific details and remains generic, which is appropriate for a first response.",4,"The tone is professional and empathetic, though it could be more personalized to match the customer's frustration.",5,The reply avoids making any unsubstantiated claims or promises about device compatibility or user experience.,2,"While the reply identifies an area to explore, it does not provide clear next steps or immediate actions for the customer."
1441394,5,The reply directly addresses the customer's request to discuss a query with Alexa.,5,"The reply does not include any account-specific details, which is appropriate since none were provided.",4,"The reply is professional and polite, but it lacks a warm, personalized tone.",5,The reply avoids any claims or promises that are not explicitly stated.,3,The reply offers to assist but does not clearly state what the next steps are.
2829481,1,The reply fails to address the customer's concern about the language availability of the first season of Preacher in Belgium.,2,The reply does not provide any account-specific information like order numbers or ship dates.,3,The reply is polite but lacks the warmth and professionalism expected from a brand support reply.,3,The reply does not make any fabricated claims or promises.,1,The reply does not clearly state what the customer should do next to resolve the issue.
322942,5,The reply directly acknowledges the customer's disappointment and seeks more details to understand the issue fully.,5,The reply does not make any specific claims or reference any order or policy details.,5,"The language used is empathetic and professional, fitting for a quality support reply.",5,"No specific policies, timelines, or promises are fabricated in the reply.",3,"While the reply seeks more information, it does not clearly outline the next steps for resolution."
2282511,5,The reply directly addresses the customer's concern by asking for the order number to investigate the delivery issue.,5,The reply does not introduce any specific facts not present in the customer's message.,4,The reply maintains a professional tone appropriate for customer support.,5,The reply does not make any unsubstantiated claims or promises.,4,The reply takes a clear next step by requesting the order number for further action.
2884212,5,The reply directly addresses the customer's uncertainty about renewing the Prime membership.,5,"The reply does not reference any specific account details, which aligns with the groundedness criteria.",5,"The reply maintains a warm and professional tone, suitable for brand support.",5,The reply avoids mentioning any fabricated claims or policies.,4,The reply invites the customer to share more concerns but does not clearly outline the next steps.
352341,1,The reply does not address the customer's concern about the delivery address and instead asks for a confirmation.,5,The reply does not make any account-specific references and is appropriately generic.,4,The reply is professional and courteous but lacks the warmth typically found in brand support replies.,5,The reply makes no false claims or fabricated details.,2,The reply acknowledges the issue but does not clearly state the next steps for resolution.
257674,1,The reply fails to address the customer's specific issue with the order number change.,2,The reply does not reference any order-specific details such as the order number.,3,The reply is professional but lacks a personalized touch typical of genuine brand support.,1,The reply makes a generic claim about processing a refund without confirming any actual policy or timeline.,1,The reply does not clearly state what the customer should do next or when they can expect a resolution.
2689384,1,"The reply does not address the customer's question about connecting to something, only suggesting a generic troubleshooting step.",5,The reply does not introduce any account-specific details.,4,The reply is professional and somewhat warm but could be more personalized.,5,The reply makes no fabricated claims or promises.,3,"While the reply suggests a troubleshooting step, it does not clearly outline the next steps if the issue persists."
420464,1,The reply fails to address the customer's question about why the order was canceled.,5,The reply does not introduce any account-specific facts.,3,The reply is polite but lacks a personalized and warm tone.,5,No fabricated claims are made in the reply.,1,The reply does not provide clear next steps for the customer.
2868423,4,The reply addresses the customer's concern about the device malfunction but lacks specificity about the issue.,5,The reply does not introduce any account-specific details.,4,The tone is professional and supportive but could be warmer to match a brand's voice.,5,No fabricated claims or policies are made.,4,The reply suggests troubleshooting steps but does not clearly state what happens if those steps do not resolve the issue.
349922,5,The reply directly addresses the customer's frustration and seeks to understand the issue.,5,The reply does not make any unsubstantiated claims about the company's policies or practices.,5,"The reply is professional and empathetic, fitting for a quality support interaction.",5,"The reply avoids mentioning any specific policies, timelines, or promises that the company may not have made.",5,"The reply clearly asks for more information to better assist the customer, indicating a clear next step."
2527615,2,The reply fails to address the customer's specific complaint about receiving the wrong product.,5,The reply does not make any false claims or reference non-existent policies.,3,The reply is professional but lacks empathy and warmth expected in customer support interactions.,5,The reply does not include any hallucinated specifics or fabricated claims.,1,The reply does not provide clear next steps or actions to resolve the customer's issue.
510300,1,"The reply fails to address the customer's concern about the price, offering no solution or acknowledgment of the issue.",1,The reply asks for a product link without providing any context or reference to the customer's message.,3,The tone is polite but lacks empathy and warmth expected in customer support.,1,"The reply makes no claims about policies, timelines, or promises that were not mentioned by the customer.",1,The reply does not offer any clear next steps or actions to resolve the customer's issue.
108215,5,The reply directly addresses the customer's concern about a delayed order.,5,The reply does not introduce any fabricated details.,5,"The tone is professional yet empathetic, fitting for a support reply.",5,The reply does not make any unsubstantiated claims.,3,The reply asks for confirmation of details but does not specify what happens next.
950247,5,The reply directly addresses the customer's request for a specific iPhone model and variant.,5,The reply provides accurate information about the current stock and does not fabricate product availability.,5,The reply maintains a professional and warm tone consistent with Apple's customer support style.,5,The reply avoids making false promises about product restocking timelines.,3,The reply informs about the current situation but lacks clear next steps or alternatives for the customer.
2536355,5,"The reply directly addresses the customer's concern about an unwarranted charge, requesting further details.",5,"The reply does not mention any specific account details, order numbers, or dates, avoiding the creation of fictitious information.",5,"The tone of the reply is professional and empathetic, fitting for a quality support interaction.",5,The reply refrains from making any fabricated claims or promises.,5,"The reply takes a clear next step by asking for more details, which is actionable."
17900,2,The reply acknowledges the issue but fails to address the customer's demand for action.,3,"The reply avoids mentioning specific order numbers or ship dates, but it doesn't ground its response in the customer's specific situation.",3,The reply maintains a professional tone but lacks the warmth typically associated with brand support.,4,"The reply does not make any false claims, but it does not provide any specific policy or timeline either.",1,The reply does not provide clear next steps for the customer.
1491451,2,The reply fails to address the customer's frustration and does not acknowledge the specific complaint.,5,The reply does not introduce any account-specific details.,3,The reply's tone is polite but may not match the customer's tone of anger.,5,The reply does not make any fabricated claims.,1,The reply does not tell the customer what happens next.
811623,2,"The reply fails to address the customer's concern about the hold on their money, offering no specific assistance.",1,"The reply provides no account-specific details, such as order number or ship date, which the customer has provided.",3,The reply is professional but lacks the warmth typically associated with brand support.,1,"The reply does not make any fabricated claims or promises, but it also fails to offer any concrete information.",1,The reply tells the customer to contact customer service but does not specify what to expect or how the issue will be resolved.
1599761,2,The reply fails to address the customer's specific concern about the projector's compatibility with their system.,5,The reply does not introduce any account-specific details.,3,"The reply is professional but lacks a warm, personalized touch.",5,No fabricated claims or policies are made in the reply.,2,The reply acknowledges the issue but does not clearly state what the customer can expect next.
2741824,2,The reply fails to directly acknowledge the urgency of the account lock issue and does not address the customer's immediate concern.,4,"The reply does not invent any account-specific details, but it also doesn't reference any specific policies or procedures.",3,"The tone is professional, but it lacks the warmth typically associated with a brand's customer support.",5,"The reply avoids any hallucinated specifics, sticking to a generic response.",1,The reply does not provide clear next steps or a timeline for unlocking the account.
297416,4,The reply acknowledges the customer's complaint but lacks specificity about the next steps.,3,The reply asks for details but does not reference any account-specific information.,4,"The tone is professional and empathetic, but could be more aligned with the warmth expected from customer support.",4,The reply does not make any false claims but could be more transparent about policies and timelines.,2,"While it acknowledges the issue, it does not clearly state what actions will be taken next."
1197347,5,The reply directly addresses the customer's concern about phishing.,5,"The reply does not include any specific account details, which aligns with the groundedness criteria.",4,"The reply is professional and acknowledges the urgency, but it lacks a warm touch.",5,The reply avoids making any unsubstantiated claims or promises.,3,The reply indicates that the issue will be reviewed but does not specify what the customer should expect next.
324241,1,The reply fails to address the customer's specific complaint about being blocked and does not offer a clear path to resolution.,5,"The reply does not make any account-specific references, which is appropriate as it avoids fabricating details.",4,"The reply is professional and empathetic, but it could be warmer to match the tone of a genuine customer service interaction.",5,"The reply does not make any false claims or promises, maintaining honesty.",2,The reply asks for more details but does not clearly state what will happen next or how the issue will be resolved.
1347556,1,The reply fails to address the customer's question about the next Amazon sale date.,5,The reply does not make any false claims or invented facts.,3,The reply is professional but lacks a warm and engaging tone.,5,The reply avoids making any fabricated claims or promises.,1,The reply does not provide any clear next steps or actions for the customer.
901515,5,The reply directly addresses the customer's expression of frustration and invites further details to understand the issue.,5,"The reply avoids mentioning any specific order or policy details, which is appropriate given the lack of information.",5,"The language is empathetic and professional, matching the tone expected from a support representative.",5,No fabricated claims or promises are made; the reply remains neutral and open-ended.,3,"While the reply acknowledges the issue, it does not provide clear next steps or specific actions for the customer to take."
2305788,3,The reply acknowledges the customer's concern but fails to address the specific issue of the mistaken order.,2,"The reply does not mention any order-specific details, implying generic support without grounding in the customer's situation.",4,"The tone is professional and warm, fitting for a support reply.",5,The reply avoids making any fabricated claims or promises.,2,The reply offers no clear next steps for the customer to take regarding the mistaken order.
108091,5,The reply directly addresses the customer's concern about the delayed delivery.,5,The reply does not introduce any specific order numbers or tracking numbers.,4,"The reply is professional and empathetic, but slightly less warm than ideal.",5,The reply makes no fabricated claims or promises.,3,The reply asks for confirmation of the delivery date but does not offer a clear next step.
1047288,5,The agent reply directly addresses the customer's concern by asking for more details to resolve the installation issue.,5,"The reply does not make any account-specific references, adhering to the groundedness criterion.",4,"The reply is professional and empathetic, fitting for a support reply, but lacks a warm tone.",5,"The reply makes no false claims or promises, aligning with the no_hallucinated_specifics criterion.",3,"While the reply seeks to gather more information, it does not clearly outline the next steps, thus only partially meeting the actionability criterion."
546462,2,"The reply does not address the customer's complaint about the behavior of the delivery drivers, instead asking for more details about the incident.",5,The reply does not make any specific claims about the company's policies or practices.,4,"The reply is professional and empathetic, but it lacks a personal touch that would make it feel more genuine.",5,The reply makes no fabricated claims and does not promise any specific policy or timeline.,1,The reply acknowledges the issue but does not provide clear next steps or resolution.
2884240,5,The reply directly addresses the customer's concern about unauthorized charges.,5,The reply does not invent any account-specific facts.,5,The reply reads like a professional customer support reply.,5,The reply avoids making any fabricated claims.,3,"While it acknowledges the issue, it does not clearly state the next steps for resolution."
2638482,1,The reply fails to address the customer's specific complaints and does not offer a resolution.,1,"The reply does not contain any account-specific information, which is necessary for a meaningful response.",2,"The reply lacks a warm but professional tone, appearing generic and impersonal.",1,"The reply makes no fabricated claims or promises, which is positive but does not compensate for the lack of specificity.",1,The reply does not provide clear next steps for the customer and fails to offer a concrete plan of action.
2431177,4,The reply addresses the customer's interest in Ireland tickets but lacks specificity about the process.,2,The reply mentions selecting seating but fails to ground the response in the customer's request for help.,3,The reply is professional but lacks a personal touch that would make it feel more like a genuine support reply.,3,The reply does not invent any specific policies or timelines but remains vague about the actual process.,3,The reply tells the customer to let them know if they have trouble but does not provide clear next steps.
1091315,2,The reply addresses the customer's concern about delivery time but fails to acknowledge the customer's frustration directly.,4,The reply provides accurate information about shipping terms but doesn't reference any specific order details.,3,The reply is professional but lacks warmth and empathy.,5,The reply does not make any false claims or fabricate details.,2,The reply acknowledges the issue but does not offer a clear next step for resolution.
1439437,2,The reply fails to directly address the customer's concern about receiving the same goodies.,3,"The reply avoids mentioning specific order numbers or tracking numbers, but it doesn't provide any grounded information about the preorder process.",3,The reply is professional but lacks the warmth typically associated with brand support.,4,The reply does not make any fabricated claims or promises.,1,The reply does not tell the customer what will happen next or what steps they should take.
206777,5,The reply directly addresses the customer's concern about the incorrect item and the desire for a prompt return.,5,The reply does not invent any specifics but requests the necessary order number to proceed.,4,"The reply is professional and empathetic, but it lacks a warm tone that might be expected in a support reply.",5,The reply avoids making any unrealistic promises or timelines.,5,The reply clearly states the next step is to provide the order number for further assistance.
46513,2,The reply fails to address the customer's question about the release date of an episode.,5,The reply does not make any false claims or fabricate information.,4,The reply maintains a professional tone suitable for a support reply.,5,The reply avoids making any false claims or promises.,1,The reply does not provide any clear next steps or information on when the episode will be released.
354627,2,The reply fails to address the customer's specific complaint about automated responses and brand perception.,1,The reply makes generic statements without referencing any order or company policy.,3,The reply is professional but lacks a personal touch that reflects genuine brand support.,1,The reply makes no specific claims about policies or timelines that were never promised.,1,The reply does not provide clear next steps or actions to be taken by the customer.
259944,1,The reply fails to address the customer's concern about device functionality and potential damages.,2,The reply avoids specifics but fails to acknowledge the customer's order and device issue.,3,The tone is professional but lacks the warmth typically associated with brand support.,5,The reply does not fabricate any specifics and maintains privacy.,1,The reply does not provide clear next steps for the customer.
932281,5,The reply directly addresses the customer's concern about removing unwanted magazines from their device.,5,"The reply provides specific instructions for both Kindle devices and Kindle app users, which are plausible actions for removing items.",5,"The reply maintains a warm and professional tone throughout, fitting for a support reply.",5,"The reply mentions plausible features ('My Library' section, delete option) that exist in Kindle devices and apps.",5,"The reply clearly outlines the next steps for both device types, ensuring actionability."
739055,2,The reply fails to address the customer's concern about phone availability and website issues.,3,The reply avoids inventing specifics but does not reference any real policies or procedures.,3,"The reply reads like a generic support message rather than a warm, personalized response.",3,The reply does not make any false claims or fabricated promises.,2,The reply provides a vague next step without clear guidance on how to speak to a human representative.
332389,3,The reply acknowledges the customer's positive feedback but fails to address the specific product query.,5,"The reply avoids mentioning any order-specific details, adhering to groundedness.",4,"The reply maintains a professional and warm tone, fitting for brand support.",5,No fabricated claims or policies are made in the reply.,2,The reply lacks clear next steps or actions for the customer.
420263,5,The agent directly addresses the customer's complaint and seeks to understand the issue.,5,The reply does not make any unsubstantiated claims or reference non-existent policies.,5,"The agent's response is empathetic and professional, matching the tone expected from a support reply.",5,"The reply does not include any hallucinated specifics, such as policies or timelines that were not mentioned by the customer.",5,"The agent clearly asks for more details, which is a necessary step towards actionability."
307303,4,The reply addresses the issue of a missing package but doesn't directly confirm if the delivery address is correct.,5,The reply avoids inventing any specific order or shipment details.,4,"The reply is professional and empathetic but lacks a warm, personal touch.",5,No fabricated claims or promises are made.,3,The reply suggests a course of action but doesn't provide clear next steps.
2369692,5,The agent immediately acknowledges the customer's frustration and seeks to clarify the situation.,5,The reply does not introduce any specific account or order details.,5,"The tone is empathetic and professional, fitting for a customer support reply.",5,No false claims or fabricated policies are made in the reply.,3,"While the agent asks for more details, they do not provide clear next steps."
2278685,5,The reply directly addresses the customer's concerns about delivery issues and requests further information to resolve the matter.,5,The reply does not make any unsubstantiated claims about guarantees or policies.,5,"The response is professional and empathetic, fitting for a customer service interaction.",5,The reply avoids mentioning any specific policies or timelines that were not stated in the customer's message.,5,"The agent prompts the customer to provide order details, which is a clear next step towards resolving the issue."
1728607,5,The reply directly addresses the customer's concern about fraudulent activity.,5,"The reply does not include any specific account details, adhering to privacy and security.",4,"The tone is professional and matches a support reply, but it could be warmer to better match customer expectations.",5,The reply does not make any unsubstantiated claims or promises.,3,The reply indicates review by the security team but does not specify the next steps for the customer.
1260149,5,The reply directly addresses the customer's concern about a potential scam.,5,The reply avoids mentioning specifics not included in the customer's message.,5,The reply maintains a professional and concerned tone appropriate for a quality auditor.,5,The reply does not make any unsubstantiated claims or fabricated details.,5,"The reply clearly states that the matter will be reviewed by the security team, providing clear next steps."
2523373,2,The reply does not address the customer's concern about the suspicious package and lacks specificity.,3,"The reply mentions a review by the security team, which is plausible but lacks details like order numbers or tracking.",4,The tone is professional and matches what one might expect from a support reply.,3,The reply makes a plausible claim about security review but does not hallucinate specifics like exact timelines.,2,The reply does not provide clear next steps for the customer.
362035,5,The reply directly addresses the customer's concern about phishing emails.,5,The reply avoids mentioning specific details not provided by the customer.,5,The reply maintains a professional and concerned tone.,5,The reply does not make any unsupported claims.,5,The reply clearly states that the issue will be reviewed by the security team.
91244,2,The reply addresses the customer's concern about fake products but lacks specificity regarding the fake Bose speakers issue.,3,The reply mentions a security team review but fails to provide any account-specific details.,3,The response is professional but lacks the warmth typically associated with brand support.,3,The reply does not make any fabricated claims but fails to mention any actual policies or timelines.,2,The reply tells the customer that the issue will be reviewed but does not outline clear next steps or actions.
441891,1,The reply does not address the customer's complaints or concerns.,1,The reply fails to acknowledge any specific details from the customer's message.,1,"The reply lacks warmth and professionalism, failing to match the tone of a genuine brand support reply.",1,"The reply makes no fabricated claims or promises, but it also fails to address the customer's specific grievances.",1,The reply does not provide any clear next steps or actions for the customer.
2810756,1,The reply fails to address the customer's issue directly.,5,The reply does not introduce any account-specific facts.,3,The tone is professional but lacks warmth and personalization.,5,No fabricated claims or promises are made.,1,The reply does not provide clear next steps for the customer.
786507,2,The reply addresses the security concern but fails to address the customer's delivery issue.,1,"The reply makes no reference to specific order numbers or dates, which are crucial for resolving the customer's issue.",3,The tone is professional but lacks the warmth typically associated with a brand's customer support.,1,The reply makes no specific claims about policies or timelines that were never made.,1,The reply does not provide clear next steps for the customer.
63826,5,The reply directly addresses the customer's concern about a potentially fraudulent transaction.,5,"The reply avoids mentioning any specific order details, which aligns with the customer's request for privacy.",4,"The tone is professional and acknowledges the urgency, but it lacks a personal touch.",5,The reply does not make any fabricated claims or promises.,3,The reply acknowledges the issue but does not provide clear next steps for the customer.
2725938,5,The reply directly addresses the customer's concern about the legitimacy of the email.,5,The reply avoids inventing any specific facts and appropriately escalates the issue.,5,The tone is professional and appropriate for a customer support reply.,5,The reply does not make any false claims or fabricated promises.,5,"The reply clearly states that the issue will be reviewed immediately, providing clear next steps."
1013071,1,The reply fails to address the customer's specific query about the release of season 7 of 'Suits'.,5,The reply does not make any false claims or introduce any non-existent policies.,4,"The reply is professional and somewhat warm, but it could be more personalized to match the tone of a typical brand support reply.",5,The reply avoids any hallucinated specifics and does not make any unsubstantiated claims.,3,The reply acknowledges the customer's preference but does not provide a clear timeline or next steps.
990687,1,The reply fails to address the customer's specific question about the release of Season 7 suits.,4,"The reply avoids inventing specific facts but lacks order numbers, ship dates, refund amounts, or tracking numbers.",4,"The reply reads professional and empathetic, fitting a real brand support reply.",4,"No fabricated claims are made, though no specific policy or timeline is provided.",1,The reply does not inform the customer of what happens next or provide a clear timeline.
471560,2,The reply vaguely addresses the customer's question about the quiz results but fails to provide a direct answer.,3,The reply avoids inventing specifics but does not provide any concrete details about the quiz or the results.,3,The response is professional but lacks the warmth typically associated with Amazon's customer support.,4,"The reply does not hallucinate any specifics, but it does not confirm any actual policy or promise.",2,The reply gives no clear next steps or timeline for the customer to follow up on.
327609,5,The reply directly addresses the customer's concern about a missing delivery.,5,The reply does not make any unsubstantiated claims about delivery policies.,5,The reply maintains a professional yet empathetic tone.,5,The reply avoids making any fabricated claims about delivery timelines or policies.,5,The reply clearly instructs the customer to provide the order number for further assistance.
1290427,5,The reply directly addresses the customer's concern about the delivery status of their order.,5,"The reply avoids mentioning any specific order numbers, dates, or tracking numbers, which aligns with the groundedness criterion.",5,"The reply maintains a professional and empathetic tone, fitting for a customer support reply.",5,"The reply does not make any false claims or promises, adhering to the no hallucinated specifics criterion.",3,"While the reply offers a clear next step by asking for confirmation of the delivery date, it lacks a definitive action plan for resolving the issue."
2610733,2,The reply fails to address the customer's issue of delayed delivery and unanswered queries.,3,The reply avoids mentioning specific order details but doesn's offer concrete information.,3,The reply is professional but lacks the warmth typically associated with customer support.,4,"The reply does not make up any specifics, but it doesn't offer a clear policy or timeline either.",2,The reply acknowledges the issue but does not clearly state the next steps or actions to be taken.
2590679,3,The reply acknowledges the issue but doesn't address the specific concern of the second late delivery.,5,The reply avoids mentioning any order-specific details.,4,"The tone is professional and empathetic, but could be warmer to match the customer's frustration.",5,No false claims or promises are made.,3,The reply offers a course of action but lacks specificity on how the issue will be resolved.
337421,2,The reply acknowledges the customer's concern but fails to address the specific issue of consistent late deliveries.,3,The reply avoids inventing account-specific facts but does not provide any concrete information about the customer's order.,3,The reply reads professional and empathetic but lacks the warmth expected from a brand support reply.,4,"The reply does not make any fabricated claims, but it does not provide any specific policy or timeline.",1,The reply acknowledges the problem but fails to give clear next steps or actions to resolve the issue.
2736181,5,The reply directly addresses the customer's concern about the delayed delivery.,5,"The reply asks for confirmation of the delivery date and updates, which are specific to the customer's situation.",5,"The tone is apologetic and professional, matching what we would expect from a genuine support reply.",5,The reply does not make any unsubstantiated claims about policies or timelines.,5,"The reply clearly instructs the customer to check their order confirmation and delivery updates, providing clear next steps."
2919904,1,The reply fails to address the customer's concern about delivery issues in Miami.,2,"The reply lacks specificity about the customer's order, failing to mention any order numbers or tracking details.",3,"The reply is professional but lacks a personal touch, making it sound generic.",2,The reply does not make any false claims about delivery policies or timelines.,1,The reply does not provide clear next steps for the customer.
784737,5,"The reply directly addresses the customer's confusion between 'waterproof' and 'water-resistant', providing a clear explanation.",5,The reply accurately defines both terms without fabricating any product-specific details.,5,"The tone is both warm and professional, fitting for a customer support reply.",5,The reply avoids making any false claims or promises about the product's features.,3,"While the reply educates the customer, it does not offer a clear next step or solution."
328731,3,The reply acknowledges the customer's dissatisfaction but doesn's directly address the issue of supervisors arguing with customers.,5,The reply does not introduce any account-specific facts.,4,The reply is professional and empathetic but lacks a personal touch.,5,No fabricated claims or policies are mentioned.,2,The reply asks for more details but does not offer a clear next step or solution.
2391837,1,The reply fails to address the customer's request for help with a return process.,2,The reply provides a generic privacy concern without acknowledging the specific situation.,3,The tone is professional but lacks warmth and personalization.,3,The reply avoids hallucinated specifics but does not offer any concrete policy or promise.,1,The reply does not offer clear next steps for the customer.
723681,2,The reply addresses the customer's concern about delivery time but fails to acknowledge the specific issue of the delay.,5,The reply provides a factual explanation of the term 'Two-Day Shipping' without fabricating any details.,4,"The reply is professional and warm, but slightly generic, lacking a personal touch.",5,The reply does not make up any specific policies or timelines that were not mentioned in the customer's message.,3,The reply offers a suggestion to check the order confirmation but does not clearly state what the customer should do next.
792043,1,The reply fails to address the customer's concern about the delivery delay and does not offer a specific solution.,3,The reply makes a vague reference to an 'updated delivery estimate' but does not provide any specific order or ship date.,3,The reply is polite but lacks the warmth and personal touch expected from a brand support reply.,2,The reply makes a generic promise of an 'updated delivery estimate' without any reference to a specific policy or timeline.,1,The reply does not offer clear next steps or actions for the customer to take.
121127,2,The reply fails to address the customer's concern about the audio quality of a Thanksgiving Day play.,5,The reply does not make any false claims or mention non-existent policies.,4,"The tone is professional and warm, fitting for a support reply.",5,"No specific policies, timelines, or promises are fabricated.",3,The reply advises what to do next but lacks clear next steps for resolving the audio issue.
2289710,1,The reply fails to address the customer's specific complaint about trustworthiness.,2,The reply does not reference any specific order or policy.,3,"The reply is professional but lacks a warm, personalized touch.",1,"The reply makes no fabricated claims; however, it fails to provide any real information.",2,The reply offers to connect with another representative but does not clearly state what will happen next.
2399407,1,"The reply fails to address the customer's concern about medication, instead offering general health advice.",5,The reply avoids mentioning any specifics not present in the customer's message.,4,"The reply reads professional and empathetic, fitting for a support response.",5,No false claims or fabricated details are made in the reply.,1,The reply fails to provide clear next steps for the customer.
1239489,1,The reply fails to address the customer's complaint directly and does not offer a solution.,5,The reply does not make any invented account-specific facts.,3,"The reply is professional but lacks a warm, empathetic tone.",5,No fabricated claims or policies are made.,1,The reply does not tell the customer what happens next or offer a clear course of action.
2437732,3,The reply addresses the customer's frustration but doesn't directly acknowledge the mix-up with the Vikings game.,5,The reply does not introduce any account-specific facts.,4,"The reply is professional and empathetic, fitting for a support reply.",5,No fabricated claims or policies were made.,3,The reply asks for confirmation of the delivery address but does not specify what happens next.
907482,5,The reply directly addresses the customer's concern about product mix-up and requests more details for resolution.,5,"The reply avoids mentioning any order numbers, dates, or specific tracking information, which aligns with groundedness.",5,"The response is professional and empathetic, matching the tone expected from a quality brand support reply.",5,"The reply does not make any fabricated claims or promises, maintaining authenticity.",4,"While the reply requests more details, it does not clearly outline the next steps for the customer, slightly reducing its actionability score."
931933,1,"The reply fails to address the customer's message, which is a compliment, and instead offers a generic positive response.",5,The reply does not introduce any specific facts not present in the customer's message.,4,"The reply uses a warm tone with a smiley emoji, which aligns with a friendly brand voice.",5,The reply makes no false claims or promises.,1,The reply does not provide clear next steps for the customer.
1537469,5,The reply directly addresses the customer's inquiry about bag replacement options.,5,"The reply avoids mentioning any specific order numbers, ship dates, or tracking numbers.",4,"The tone is professional and empathetic, but slightly less warm than ideal.",5,No fabricated claims or policies are mentioned.,3,The reply acknowledges the issue but doesn't clearly state the next steps for resolution.
2192530,5,"The reply directly addresses the customer's expressed difficulty, inviting them to elaborate.",5,The reply does not make any specific claims or reference any company-specific information.,5,"The tone is empathetic and supportive, fitting for a quality customer service interaction.",5,The reply avoids any fabricated claims or promises.,3,"While the reply invites the customer to share more information, it does not clearly outline the next steps in resolving the issue."
1097848,1,"The reply fails to address the customer's tweet, which is vague and does not specify a question or issue.",1,"The reply makes generic statements without any account-specific details, such as order numbers or dates.",3,"The reply is professional and somewhat warm, but it reads more like a generic filler than a tailored customer support reply.",2,"The reply makes no fabricated claims or promises, but it also lacks any specific details that could be misleading.",2,The reply acknowledges the company's willingness to help but does not provide clear next steps for the customer.
1338584,1,The reply fails to address the customer's complaint directly.,5,The reply does not introduce any specific account-related facts.,3,The reply is professional but lacks a warm tone.,5,No fabricated claims or policies are made.,1,The reply does not provide clear next steps for the customer.
1716192,5,The reply directly addresses the customer's request for more advanced voice commands and provides a specific solution.,5,The reply does not fabricate any account-specific details and accurately describes how to create custom routines.,5,"The reply maintains a professional yet warm tone, fitting for a support reply.",5,The reply does not make any false claims or promises about the product's features.,5,The reply clearly offers a next step by suggesting to set up custom routines in the Alexa app.
1175594,5,The reply directly addresses the customer's question about where to watch Outlander.,5,"The reply avoids mentioning any order numbers, ship dates, refund amounts, or tracking numbers.",5,"The reply is warm and professional, fitting for a brand support reply.",5,The reply makes no fabricated claims or promises.,3,The reply tells the customer where to watch Outlander but does not provide next steps if the customer has trouble accessing the service.
1251954,3,The reply addresses the customer's complaint about the app but does not directly acknowledge the loading and freezing issues.,5,"The reply asks for specific device and OS information, which is appropriate for troubleshooting.",4,"The tone is professional and empathetic, but lacks a warm touch.",5,The reply does not make any unsubstantiated claims about policies or guarantees.,3,The reply provides potential troubleshooting steps but lacks clear next steps for resolution.
1735634,4,The reply addresses the customer's concern about the missing presale link but lacks specificity.,5,The reply does not introduce any account-specific details.,4,"The reply is professional and empathetic, but could be more engaging.",5,The reply makes no false claims about policies or timelines.,3,The reply suggests checking the official website or social media but does not provide a clear next step.
174505,4,The reply addresses the customer's question about the meaning of 'single issue' but lacks direct relevance to the order process.,5,The reply does not make any specific claims or reference any order details.,4,"The reply is professional and polite, but slightly formal for a casual inquiry.",5,The reply avoids any fabricated claims or policies.,3,"While it offers a direction for the customer to seek clarification, it does not outline clear next steps."
122763,5,"The agent's reply directly addresses the customer's concern by asking for more details, which is relevant to resolving the issue.",5,"The reply does not make any specific claims or reference any order-related information, avoiding the introduction of fictitious data.",4,"The reply is professional and courteous, though it lacks a touch of warmth that might be expected in a brand support reply.",5,"The reply contains no fabricated claims or policies, maintaining factual groundedness.",3,"While the reply seeks to gather more information, it does not clearly state what will happen next, leaving the customer uncertain about the resolution process."
